id,address,date,price,bedrooms,bathrooms,carparks
404667344,36 LAKE STREET FORSTER NSW 2428,1992-02-03,70000,,,
403891571,139 WEBSTER ROAD LURNEA NSW 2170,1967-09-19,8630,,,
405006830,4 / 88 MARKS POINT ROAD MARKS POINT NSW 2280,1990-12-03,121000,,,
405007127,65 ROBERT STREET WICKHAM NSW 2293,1990-06-08,71000,,,
405007101,54 MOATE STREET GEORGETOWN NSW 2298,1990-01-12,0,,,
405004377,52 SKYE POINT ROAD COAL POINT NSW 2283,1990-02-07,245000,,,
405007072,61 HELEN STREET MEREWETHER NSW 2291,1990-06-22,122200,,,
405007103,5 / 22 MOATE STREET GEORGETOWN NSW 2298,1990-04-23,76000,,,
405004202,6 LORRON CLOSE COAL POINT NSW 2283,2017-04-27,155000,,,
405007279,14 KILGOUR AVENUE MEREWETHER NSW 2291,1990-03-05,0,,,
405004333,180 FISHING POINT ROAD FISHING POINT NSW 2283,1990-02-22,175000,,,
405004408,13 KURNELL CLOSE COORANBONG NSW 2265,1990-09-03,165000,,,
405004382,16 COLTON CRESCENT LAKELANDS NSW 2282,1990-06-04,59950,,,
405004379,5 COLBY CLOSE WARNERS BAY NSW 2282,1990-06-21,44500,,,
405004424,11 RIESLING STREET MUSWELLBROOK NSW 2333,1990-08-21,71000,,,
405004387,9 CRESTWOOD PLACE WARNERS BAY NSW 2282,1990-11-06,0,,,
405004518,14 IMPERIAL CLOSE FLORAVILLE NSW 2280,1990-02-10,82000,,,
405004558,17 NORDS WHARF ROAD NORDS WHARF NSW 2281,1990-05-31,0,,,
405004589,23 JANICE STREET WARNERS BAY NSW 2282,1990-07-30,0,,,
405004929,31 RAWSON STREET SWANSEA NSW 2281,1990-03-05,78000,,,
405004484,38 ALDWICK CLOSE TARRO NSW 2322,1990-04-24,0,,,
405004950,26 MORRIS STREET ELEEBANA NSW 2282,1990-09-17,190000,,,
405005105,6 FISHING POINT ROAD RATHMINES NSW 2283,1990-04-09,295000,,,
405004713,11 SILKY OAK DRIVE CAVES BEACH NSW 2281,1990-09-10,63500,,,
405005073,11 HICKORY ROAD GATESHEAD NSW 2290,1990-02-28,78500,,,
405005252,10 TRANSFIELD AVENUE EDGEWORTH NSW 2285,1990-09-28,39850,,,
405005060,57 SEDGWICK AVENUE EDGEWORTH NSW 2285,1990-03-21,95000,,,
405005323,11 LAKE CRESCENT TERALBA NSW 2284,1990-09-01,83000,,,
403840053,7 MOFFATT DRIVE LALOR PARK NSW 2147,1989-04-10,6200,,,
405004619,88 SHIRAZ STREET MUSWELLBROOK NSW 2333,1990-08-24,91000,,,
403068088,4 ANTILL ROAD MOUNT PRITCHARD NSW 2170,1960-07-22,6490,,,
403308510,17 BYRNE STREET ASHCROFT NSW 2168,1962-07-13,8120,,,
403343973,20 GERATHY STREET GOULBURN NSW 2580,1970-01-07,9060,,,
403350648,136 ROBERT STREET SOUTH TAMWORTH NSW 2340,1961-11-01,7130,,,
403359173,58 COOK STREET MUSWELLBROOK NSW 2333,1900-01-01,175000,,,
402926192,41 ROWLEY STREET SEVEN HILLS NSW 2147,1958-03-29,5850,3,1,5
403310932,25 SEAGRASS CIRCUIT CORLETTE NSW 2315,1900-01-01,460000,,,
403302524,136 WASHPOOL ROAD BOORAL NSW 2425,1976-09-29,17500,,,
402764185,16 BOOMERANG STREET COONABARABRAN NSW 2357,1977-02-09,9150,,,
402764186,24 CAMP STREET COONABARABRAN NSW 2357,1972-06-21,12700,,,
405166329,3 / 24 WOOD STREET MANLY NSW 2095,1991-08-08,270000,,,
405166219,7 / 16 LONGUEVILLE ROAD LANE COVE NSW 2066,1991-10-29,128000,,,
405166192,26 / 105 LONGUEVILLE ROAD LANE COVE NSW 2066,1991-05-13,155000,,,
405166851,48 / 183 ST JOHNS AVENUE GORDON NSW 2072,1991-11-05,410000,,,
405166514,27 / 183 ST JOHNS AVENUE GORDON NSW 2072,1991-07-15,455000,,,
405165789,41 TERRACE ROAD KILLARA NSW 2071,1991-09-18,650000,,,
405166565,3 / 524 MOWBRAY ROAD LANE COVE NSW 2066,1991-01-21,125000,,,
405166489,6 DOYLE PLACE GORDON NSW 2072,1991-03-11,380000,,,
405166686,16 / 4 HILLTOP CRESCENT FAIRLIGHT NSW 2094,1991-10-21,367000,,,
405166687,27 / 4 HILLTOP CRESCENT FAIRLIGHT NSW 2094,1991-05-01,305000,,,
405166568,6 / 520 MOWBRAY ROAD LANE COVE NSW 2066,1991-11-08,137000,,,
405166742,16 PRINCE EDWARD STREET GLADESVILLE NSW 2111,1991-05-01,193300,,,
405165281,32 JACKSON STREET BALGOWLAH NSW 2093,1991-08-14,218700,,,
405166563,7 / 530 MOWBRAY ROAD LANE COVE NSW 2066,1991-10-08,150000,,,
405164772,39 / 10 BATEMANS ROAD GLADESVILLE NSW 2111,1991-11-11,287000,,,
405164744,64 YARRARA ROAD PENNANT HILLS NSW 2120,1991-05-14,255000,,,
405164708,27 / 74 NORTH STEYNE MANLY NSW 2095,1991-09-05,615000,,,
405164913,22 RYDE ROAD GORDON NSW 2072,1991-04-22,200000,,,
405164748,10 / 18 PALING STREET THORNLEIGH NSW 2120,1991-06-04,185000,,,
405165109,11 / 20 JOUBERT STREET HUNTERS HILL NSW 2110,1991-12-04,157000,2,1,
405164910,196 RYDE ROAD WEST PYMBLE NSW 2073,1991-08-23,210000,,,
405165129,23 KIOGLE STREET WAHROONGA NSW 2076,1991-02-26,296000,,,
405165365,4 / 31 WHISTLER STREET MANLY NSW 2095,1991-09-26,0,,,
405165303,13 KAREEMA STREET BALGOWLAH NSW 2093,1991-05-21,345000,,,
405165363,11 / 91 WEST ESPLANADE MANLY NSW 2095,1991-11-28,0,,,
405165315,18 LA PEROUSE STREET FAIRLIGHT NSW 2094,1991-10-16,320000,,,
405163238,15 WILLARONG ROAD MT COLAH NSW 2079,1991-09-10,70000,,,
405165564,47 / 1 LAUDERDALE AVENUE FAIRLIGHT NSW 2094,1991-12-05,520000,,,
405165693,3 ACACIA CLOSE TURRAMURRA NSW 2074,1991-04-15,211500,,,
405165383,36 MARY STREET HUNTERS HILL NSW 2110,1991-05-22,467000,,,
405165540,2 / 39 HELEN STREET LANE COVE NSW 2066,1991-12-03,165000,,,
405164445,16 GLADSTONE AVENUE HUNTERS HILL NSW 2110,1991-08-02,827500,,,
405165103,16 GLADSTONE AVENUE HUNTERS HILL NSW 2110,1991-08-02,827500,,,
405165713,17 / 35 LORNE AVENUE KILLARA NSW 2071,1991-06-21,183500,,,
405163450,37 BALGOWLAH ROAD MANLY NSW 2095,1991-06-18,283000,,,
405163567,36 WOOLWICH ROAD HUNTERS HILL NSW 2110,1991-04-17,250000,,,
405165677,36 WOOLWICH ROAD HUNTERS HILL NSW 2110,1991-04-17,1250000,,,
405165678,34 WOOLWICH ROAD HUNTERS HILL NSW 2110,1991-04-17,1250000,,,
405163689,166 EASTERN ROAD WAHROONGA NSW 2076,1991-06-04,165000,,,
405163679,21 CANOON ROAD SOUTH TURRAMURRA NSW 2074,1991-06-14,207000,,,
405163442,21 / 105 BALGOWLAH ROAD FAIRLIGHT NSW 2094,1991-07-03,214750,,,
405163321,16 REDGRAVE ROAD NORMANHURST NSW 2076,1991-04-19,250000,,,
405163549,1 TEDDICK PLACE CHERRYBROOK NSW 2126,1991-01-30,0,,,
405163585,61 EASTERN ARTERIAL ROAD ST IVES NSW 2075,1991-08-27,312500,,,
405163541,12 TALINGA PLACE CHERRYBROOK NSW 2126,1991-05-15,152000,,,
405164109,69 WIDEVIEW ROAD BEROWRA HEIGHTS NSW 2082,1991-08-07,174000,,,
405163674,24 THOMAS AVENUE ROSEVILLE NSW 2069,1991-03-19,362500,,,
405163802,18 TURNER ROAD BEROWRA HEIGHTS NSW 2082,1991-09-17,0,,,
405164046,5 / 37 ASHBURNER STREET MANLY NSW 2095,1991-11-16,0,,,
405160379,37 THORN STREET PENNANT HILLS NSW 2120,1991-10-18,220000,,,
405163698,7 PRIMULA STREET LINDFIELD NSW 2070,1991-01-25,122888,,,
405163817,25 ALEXANDRA STREET HUNTERS HILL NSW 2110,1991-03-19,0,,,
405164311,2 / 16 COVE AVENUE MANLY NSW 2095,1991-07-03,178000,,,
405164249,11 / 25 BEST STREET LANE COVE NSW 2066,1991-11-01,283000,,,
405171579,6 / 96 KURRABA ROAD NEUTRAL BAY NSW 2089,1991-12-13,475000,,,
405171552,7 AMHERST STREET CAMMERAY NSW 2062,1991-08-02,242000,,,
405164416,19 WILLUNGA ROAD BEROWRA NSW 2081,1991-10-09,118000,,,
405164550,3 YARABAH AVENUE GORDON NSW 2072,1991-06-15,372500,,,
405171524,69 / 48 ALFRED STREET MILSONS POINT NSW 2061,1991-11-18,231000,,,
405164343,24 DENISON STREET MANLY NSW 2095,1991-05-14,640000,,,
405171569,60 / 143 KURRABA ROAD NEUTRAL BAY NSW 2089,1991-04-12,133500,,,
405164479,41 HORACE STREET ST IVES NSW 2075,1991-02-14,350000,,,
405171799,28 / 504 CHURCH STREET NORTH PARRAMATTA NSW 2151,1991-03-28,133000,,,
405172237,30 / 37 BARRY STREET NEUTRAL BAY NSW 2089,1991-05-31,335000,,,
405172220,1 / 6 SILEX ROAD CLIFTON GARDENS NSW 2088,1991-06-22,360000,,,
405172214,8 / 80 SHADFORTH STREET MOSMAN NSW 2088,1991-03-19,158000,,,
405172238,37 BARRY STREET NEUTRAL BAY NSW 2089,1991-03-19,435000,,,
405171985,16 / 20 YEO STREET NEUTRAL BAY NSW 2089,1991-03-21,0,,,
405171926,19 / 3 BARISTON AVENUE CREMORNE NSW 2090,1991-06-05,225000,,,
405172585,22 / 164 SPIT ROAD MOSMAN NSW 2088,1991-09-16,204000,,,
405178844,16 BLACKBUTTS ROAD FRENCHS FOREST NSW 2086,1991-02-06,195000,,,
405178866,9 / 15 LISMORE AVENUE DEE WHY NSW 2099,1991-07-11,140000,,,
405179438,9 / 163 HERRING ROAD MACQUARIE PARK NSW 2113,1991-02-06,138000,,,
405179295,1 / 35 HAWKESBURY AVENUE DEE WHY NSW 2099,1991-11-29,132000,2,1,
405179249,31 TIARRI AVENUE TERREY HILLS NSW 2084,1991-07-24,315000,,,
405179341,14 / 21 STATION STREET DUNDAS NSW 2117,1991-11-29,107500,,,
405179483,2 / 168 WATERLOO ROAD EASTWOOD NSW 2122,1991-09-29,168000,,,
405179725,12 VALE AVENUE DEE WHY NSW 2099,1991-12-07,580000,,,
405173841,6 / 34 VIRGINIA STREET ROSEHILL NSW 2142,1991-05-08,107000,,,
405178921,6 / 34 VIRGINIA STREET HARRIS PARK NSW 2142,1991-06-06,107000,,,
405179831,6 / 22 FACTORY STREET NORTH PARRAMATTA NSW 2151,1991-11-08,118000,,,
405179796,400 PITTWATER ROAD NORTH MANLY NSW 2100,1991-02-01,292500,,,
405180172,210 WARRINGAH ROAD BEACON HILL NSW 2100,1991-03-15,192500,,,
405180213,15 / 27 PARKES STREET MANLY VALE NSW 2093,1991-02-25,153000,,,
405179992,4 / 10 CASSIA STREET DEE WHY NSW 2099,1991-09-30,130000,,,
405180231,20 BUCKLEYS ROAD WINSTON HILLS NSW 2153,1991-06-07,1250000,,,
405180235,39 EASTWOOD AVENUE EASTWOOD NSW 2122,1991-04-16,250000,,,
405180173,96 WARRINGAH ROAD NARRAWEENA NSW 2099,1991-04-12,192000,,,
405183533,94 BASSETT STREET MONA VALE NSW 2103,1991-04-15,230000,,,
405184098,11 / 28 HAMPDEN ROAD ARTARMON NSW 2064,1991-07-23,190000,,,
405184041,53 LAKESIDE DRIVE DURRAS SOUTH NSW 2536,1991-05-27,165000,,,
405181782,10 / 143 WILLOUGHBY ROAD NAREMBURN NSW 2065,1991-01-07,220000,,,
405184509,16 PRINCES HIGHWAY BATEMANS BAY NSW 2536,1991-10-02,105000,,,
405184104,2 / 85 HAMPDEN ROAD ARTARMON NSW 2064,1991-06-12,207000,,,
405184173,1 / 14 BISHOP STREET NEWPORT NSW 2106,1991-05-19,132000,,,
405184325,47 HERCULES STREET CHATSWOOD NSW 2067,1991-06-14,3960000,,,
405184724,20 JEANETTE AVENUE MONA VALE NSW 2103,1991-11-20,240000,,,
405184146,3 / 17 STATION STREET NAREMBURN NSW 2065,1991-08-16,243000,,,
405184423,29 MCCLELLAND STREET WILLOUGHBY NSW 2068,1991-04-26,290000,,,
405184763,115 WALLUMATTA ROAD NEWPORT NSW 2106,1991-05-21,530000,,,
405184249,11 ORIENT STREET BATEMANS BAY NSW 2536,1991-02-21,60000,,,
405184596,45 PACIFIC ROAD BATEMANS BAY NSW 2536,1991-07-17,95000,,,
405172989,134 BLUES POINT ROAD MCMAHONS POINT NSW 2060,1991-07-17,325000,,,
405184737,126 HUDSON PARADE CLAREVILLE NSW 2107,1991-08-14,655000,,,
405173026,71 NEUTRAL STREET NORTH SYDNEY NSW 2060,1991-06-04,350000,,,
405184741,301 HUDSON PARADE CLAREVILLE NSW 2107,1991-08-09,370000,,,
405173339,16 / 51 UPPER PITT STREET KIRRIBILLI NSW 2061,1991-08-01,812500,,,
405173121,11 / 15 HART DRIVE WENTWORTHVILLE NSW 2145,1991-04-30,145000,,,
405173532,17 DORAHY STREET DUNDAS NSW 2117,1991-01-18,155000,,,
405173215,2 / 39 BOWDEN STREET HARRIS PARK NSW 2150,1991-02-14,119000,,,
405173277,10 / 1 BRIDGE END WOLLSTONECRAFT NSW 2065,1991-06-28,650000,,,
405173283,40 / 1 BRIDGE END WOLLSTONECRAFT NSW 2065,1991-09-12,785000,,,
405173741,4 / 10 ALLEN STREET HARRIS PARK NSW 2150,1991-05-27,92300,,,
405173598,21 MYRTLE STREET RYDALMERE NSW 2116,1991-06-03,100000,,,
405173740,11 / 16 ALLEN STREET HARRIS PARK NSW 2150,1991-05-01,104000,,,
405173970,1 / 12 CRANBROOK AVENUE CREMORNE NSW 2090,1991-05-23,250000,,,
405173869,4 / 1 THE TRONGATE GRANVILLE NSW 2142,1991-03-22,135000,,,
405174051,232 BLAXLAND ROAD RYDE NSW 2112,1991-02-26,150500,,,
405181861,81 CABBAGE TREE ROAD BAYVIEW NSW 2104,1991-09-16,300000,,,
405181959,65 CAMPBELL STREET MORUYA NSW 2537,1991-01-11,90000,,,
405173906,13 / 5 HASSALL STREET HARRIS PARK NSW 2150,1991-08-21,103000,,,
405174199,22 CUMBERLAND AVENUE COLLAROY NSW 2097,1991-05-13,256000,,,
405181809,2 / 55 DARLEY STREET MONA VALE NSW 2103,1991-05-07,155000,,,
405174132,1 / 18 ALEXANDRIA AVENUE EASTWOOD NSW 2122,1991-07-18,0,,,
405181976,9 / 104 WYADRA AVENUE HARBORD NSW 2096,1991-06-11,1,,,
405174086,15 LANE COVE ROAD RYDE NSW 2112,1991-02-04,100000,,,
405181781,143 WILLOUGHBY ROAD NAREMBURN NSW 2065,1991-03-05,0,,,
405181785,2 WOOD STREET CHATSWOOD WEST NSW 2067,1991-10-04,310000,,,
405102619,8 KAROO CRESCENT MALUA BAY NSW 2536,1990-12-03,155000,,,
405182114,29 ROWAN STREET MONA VALE NSW 2103,1991-03-01,222000,,,
405182603,55 EMMA STREET MONA VALE NSW 2103,1991-09-11,310000,,,
405182597,1028 BARRENJOEY ROAD PALM BEACH NSW 2108,1991-03-20,220000,,,
405182521,37 ASHLEY STREET ROSEVILLE NSW 2069,1991-09-27,299000,,,
405182560,8 CAWARRAH ROAD MIDDLE COVE NSW 2068,1991-09-13,305000,,,
405182952,16 MONASH AVENUE GREAT MACKEREL BEACH NSW 2108,1991-02-19,143500,,,
405183106,8 TINGIRA PLACE FORESTVILLE NSW 2087,1991-02-20,233000,,,
405182800,8 BLIGH STREET NORTHBRIDGE NSW 2063,1991-04-22,345000,,,
405182891,3 / 60 BARRENJOEY ROAD MONA VALE NSW 2103,1991-06-05,120000,,,
405182907,208 BARRENJOEY ROAD NEWPORT NSW 2106,1991-02-18,225000,,,
405182810,2 BOWEN STREET CHATSWOOD NSW 2067,1991-10-03,192500,,,
405182906,286 BARRENJOEY ROAD NEWPORT NSW 2106,1991-03-15,165000,,,
405182869,12 SCOTT CRESCENT ROSEVILLE NSW 2069,1991-04-17,240000,,,
405182919,19 / 2 FOREST ROAD WARRIEWOOD NSW 2102,1991-03-01,180000,,,
405183254,5 / 7 GERTRUDE AVENUE NEWPORT NSW 2106,1991-09-27,185000,,,
405183237,1049 BARRENJOEY ROAD PALM BEACH NSW 2108,1991-07-17,320000,,,
405182916,11 / 2 FOREST ROAD WARRIEWOOD NSW 2102,1991-05-16,182000,,,
405183221,5 JERSEY ROAD ARTARMON NSW 2064,1991-12-24,0,,,
405175731,229 COXS ROAD NORTH RYDE NSW 2113,1991-03-28,0,,,
405175774,10 / 33 FOAM STREET HARBORD NSW 2096,1991-10-14,160000,,,
405182900,9A / 660 BARRENJOEY ROAD AVALON NSW 2107,1991-08-01,75000,,,
405175861,150 PARR PARADE BEACON HILL NSW 2099,1991-07-18,300000,,,
405175752,17 / 8 FIELDING STREET COLLAROY NSW 2097,1991-10-16,177000,,,
405175955,105 MODEL FARMS ROAD NORTHMEAD NSW 2153,1991-02-06,143000,,,
405183172,2F / 1 FRANCIS ROAD ARTARMON NSW 2064,1991-10-29,385000,,,
405176146,7 / 13 WHARF ROAD GLADESVILLE NSW 2111,1991-07-22,200000,,,
405175989,2 / 26 THOMAS STREET PARRAMATTA NSW 2150,1991-12-02,155545,,,
405176454,9 / 45 PELLISIER ROAD PUTNEY NSW 2112,1991-11-18,490000,,,
405176753,17 REMUS PLACE WINSTON HILLS NSW 2153,1991-04-10,220000,,,
402679383,CURRAWONG CRESCENT COLEAMBALLY NSW 2707,1976-11-01,4500,,,
402725191,349 KENTUCKY AVENUE LAVINGTON NSW 2641,1975-09-30,26420,,,
405189165,48 STANLEY AVENUE FARMBOROUGH HEIGHTS NSW 2526,1991-01-25,120000,,,
405188649,2 KIRTON ROAD AUSTINMER NSW 2515,1991-07-05,140000,,,
405189100,1 / 1 OLYMPIC BOULEVARD PORT KEMBLA NSW 2505,1991-11-19,96000,,,
405189819,78 ISLAND POINT ROAD ST GEORGES BASIN NSW 2540,1991-06-24,110000,,,
405189517,60 STOREY STREET FAIRY MEADOW NSW 2519,1991-08-21,66500,,,
405189792,12 RIVER ROAD LAKE TABOURIE NSW 2539,1991-03-20,85000,,,
405189805,21 BROWNS ROAD SOUTH NOWRA NSW 2541,1991-05-06,150000,,,
405190020,5 TONGARRA ROAD ALBION PARK RAIL NSW 2527,1991-05-20,108000,,,
405190024,199 TONGARRA ROAD ALBION PARK NSW 2527,1991-01-15,0,,,
405190189,22 BUCKLAND STREET MOLLYMOOK NSW 2539,1991-03-26,185000,,,
405190302,36 PHILIP DRIVE NORTH NOWRA NSW 2541,1991-09-25,0,,,
405190242,21 CAMBRIDGE ROAD DAPTO NSW 2530,1991-05-14,0,,,
405190601,153 RIVER ROAD SUSSEX INLET NSW 2540,1991-10-09,41000,,,
405190992,123 PARNELL ROAD TOMERONG NSW 2540,1991-03-05,53580,,,
405190724,123 SUNRISE ROAD YERRINBOOL NSW 2575,1991-08-15,141000,,,
405190274,4 / 46 CUMMINS STREET UNANDERRA NSW 2526,1991-02-01,125000,,,
405190308,6 DUDLEY AVENUE NOWRA NSW 2541,1991-03-22,0,,,
405190273,1 / 46 CUMMINS STREET UNANDERRA NSW 2526,1991-02-08,116000,,,
405191114,27 THOMAS STREET MITTAGONG NSW 2575,1991-11-27,44000,,,
405190238,119 CABBAGE TREE LANE FAIRY MEADOW NSW 2519,1991-09-10,0,,,
405191415,28 FIFTH AVENUE PORT KEMBLA NSW 2505,1991-01-22,0,,,
405191337,21 RACKHAM CRESCENT BURRILL LAKE NSW 2539,1991-06-27,125000,,,
405187106,3 RIBBONWOOD PLACE ALBION PARK RAIL NSW 2527,1991-06-06,0,,,
405190948,113 GARSIDE ROAD MOLLYMOOK BEACH NSW 2539,1991-10-10,117000,,,
405186687,213 PRINCES HIGHWAY ALBION PARK RAIL NSW 2527,1991-02-13,0,,,
405190874,3 / 79 PAGE AVENUE NORTH NOWRA NSW 2541,1991-09-24,97500,,,
405186814,21 BARCOO CIRCUIT ALBION PARK NSW 2527,1991-08-22,54750,,,
405187162,46 BRIGADOON CIRCUIT OAK FLATS NSW 2529,1991-11-05,121000,,,
405187198,19 LINDESAY STREET BARRACK HEIGHTS NSW 2528,1991-09-19,0,,,
405187334,16 BLACKWOOD STREET GERRINGONG NSW 2534,1991-03-08,60000,,,
405187052,3 / 7 WINDLE STREET LAKE ILLAWARRA NSW 2528,1991-06-03,90000,,,
405187224,4 AUSTIN AVENUE MINNAMURRA NSW 2533,1991-05-17,159000,,,
405187411,10 ELEANOR AVENUE OAK FLATS NSW 2529,1991-03-04,133800,,,
405187114,27 ANNETTS PARADE MOSSY POINT NSW 2537,1991-01-17,78000,,,
405186758,20 HUTCHINSON STREET BOMBO NSW 2533,1991-05-15,155000,,,
405187827,8 / 16 SMITH AVENUE ALBION PARK NSW 2527,1991-04-09,105116,,,
405187630,2 / 6 EDGAR STREET TOWRADGI NSW 2518,1991-05-13,70000,,,
405187677,3 KALANG AVENUE DAPTO NSW 2530,1991-10-09,129000,,,
405187830,3 / 16 SMITH AVENUE ALBION PARK NSW 2527,1991-04-10,105135,,,
405187794,18 / 2 WILSON STREET WOLLONGONG NSW 2500,1991-10-23,150000,,,
405187843,12 / 1 SPARTA STREET WARILLA NSW 2528,1991-08-09,128000,,,
405204936,35 ARCHIBALD STREET PADSTOW NSW 2211,1991-05-23,0,,,
405204981,6 / 94 JAMES STREET PUNCHBOWL NSW 2196,1991-01-15,156000,,,
405198558,6 / 11 VIEW STREET WOLLONGONG NSW 2500,1991-04-05,189000,,,
405205170,46 DOWDING STREET PANANIA NSW 2213,1991-06-17,0,,,
405204932,91 ARAB ROAD PADSTOW NSW 2211,1991-02-21,158000,,,
405198857,3 / 38 RANN STREET FAIRY MEADOW NSW 2519,1991-08-30,92000,,,
405205588,8 PRINGLE AVENUE BANKSTOWN NSW 2200,1991-12-18,338000,,,
405205009,7 / 110 PICNIC POINT ROAD PICNIC POINT NSW 2213,1991-06-12,168000,,,
405205218,5 / 11 ROOKWOOD ROAD YAGOONA NSW 2199,1991-05-17,135000,,,
405205403,9 / 159 PRIAM STREET CHESTER HILL NSW 2162,1991-02-08,1500000,,,
405205425,11 WARD STREET YAGOONA NSW 2199,1991-04-23,140000,,,
405205746,60 GOONDAH STREET VILLAWOOD NSW 2163,1991-04-04,132500,,,
405205531,4 / 94 BRYANT STREET PADSTOW NSW 2211,1991-07-26,145000,,,
405205532,5 / 94 BRYANT STREET PADSTOW NSW 2211,1991-08-02,102000,,,
405205537,32 CHESTER HILL ROAD CHESTER HILL NSW 2162,1991-09-20,0,,,
405205516,16 / 94 BRYANT STREET PADSTOW NSW 2211,1991-08-02,150000,,,
405205773,35 PROCTOR PARADE SEFTON NSW 2162,1991-12-02,0,,,
405203659,20 MARTIN CRESCENT MILPERRA NSW 2214,1991-09-19,0,,,
405205992,8 / 9 TURVEY STREET REVESBY NSW 2212,1991-03-28,170000,,,
405203788,3 / 380 MARION STREET CONDELL PARK NSW 2200,1991-10-17,160000,,,
405203841,2 HANDLE STREET BASS HILL NSW 2197,1991-11-22,0,,,
405205949,76 KENNEDY STREET PICNIC POINT NSW 2213,1991-02-15,166000,,,
405203640,100 GRIFFITHS AVENUE BANKSTOWN NSW 2200,1991-07-02,0,,,
405204072,30 SMITH ROAD YAGOONA NSW 2199,1991-04-12,143000,,,
405205933,9 / 18 GORDON STREET BANKSTOWN NSW 2200,1991-12-02,1784000,,,
405204017,35 LAWFORD STREET GREENACRE NSW 2190,1991-02-22,0,,,
405204176,82 CAROLINE CRESCENT GEORGES HALL NSW 2198,1991-06-07,155000,,,
405204438,26 MILFORD AVENUE PANANIA NSW 2213,1991-03-27,160000,,,
405204207,149 HECTOR STREET SEFTON NSW 2162,1991-08-19,0,,,
405204601,22 FREDA STREET PANANIA NSW 2213,1991-09-30,0,,,
405204611,34 JACARANDA DRIVE GEORGES HALL NSW 2198,1991-06-07,189500,,,
405204604,10 HELGA AVENUE PADSTOW NSW 2211,1991-09-26,0,,,
405204813,304 ROBERTS ROAD GREENACRE NSW 2190,1991-07-03,0,,,
405204790,62 JACOBS STREET BANKSTOWN NSW 2200,1991-05-10,0,,,
405204828,9 WAINWRIGHT AVENUE PADSTOW NSW 2211,1991-01-17,0,,,
405207433,2 PACIFIC STREET BLAKEHURST NSW 2221,1991-04-05,315000,,,
405204709,57 POWELL STREET YAGOONA NSW 2199,1991-06-04,147000,,,
405204783,638 HENRY LAWSON DRIVE EAST HILLS NSW 2213,1991-03-22,115000,,,
405204602,5 FREEMAN PLACE CHESTER HILL NSW 2162,1991-11-15,0,,,
405204825,4 / 45 VIRGINIUS STREET PADSTOW NSW 2211,1991-06-28,163000,,,
405204787,14 / 15 JACOBS STREET BANKSTOWN NSW 2200,1991-07-18,0,,,
405207461,1 / 61 GRAY STREET KOGARAH NSW 2217,1991-08-02,159000,,,
405207977,2 / 32 NOBLE STREET ALLAWAH NSW 2218,1991-01-21,166000,,,
405204539,1 / 33 OXFORD AVENUE BANKSTOWN NSW 2200,1991-06-11,670000,,,
405207672,90 BLAKESLEY ROAD SOUTH HURSTVILLE NSW 2221,1991-11-13,142000,,,
405207255,11 / 10 MARY STREET LAKEMBA NSW 2195,1991-09-26,105000,,,
405207987,5 / 50 NOBLE STREET ALLAWAH NSW 2218,1991-08-02,153000,,,
405207783,51 BRIGHTON STREET CROYDON NSW 2132,1991-04-12,191500,,,
405208234,14 / 8 GLOUCESTER ROAD HURSTVILLE NSW 2220,1991-12-02,146000,,,
405207771,2B / 26 BELMORE STREET BURWOOD NSW 2134,1991-02-08,0,,,
405204648,4 / 5 UNION STREET LIDCOMBE NSW 2141,1991-12-09,0,,,
405207478,3 / 28 LETITIA STREET OATLEY NSW 2223,1991-08-20,70000,,,
405207965,40 EMPRESS STREET HURSTVILLE NSW 2220,1991-09-04,153000,,,
405208640,73 WEBB STREET CROYDON NSW 2132,1991-09-23,146000,,,
405207859,3 NORMAN STREET CONCORD NSW 2137,1991-04-29,210000,,,
405208066,11 IVANHOE ROAD CROYDON NSW 2132,1991-06-13,285000,,,
405208908,19 / 121 CANTERBURY ROAD CANTERBURY NSW 2193,1991-09-24,155000,,,
405209219,9 / 15 THIRD AVENUE CAMPSIE NSW 2194,1991-12-17,133500,,,
405209441,135 CROYDON AVENUE CROYDON PARK NSW 2133,1991-06-14,131000,2,,
405209363,27 RIVERVIEW AVENUE KYLE BAY NSW 2221,1991-10-10,345000,,,
405209115,27 RIVERVIEW AVENUE KYLE BAY NSW 2221,1991-10-10,345000,,,
405208740,5 / 107 CONCORD ROAD CONCORD NSW 2137,1991-08-02,115000,,,
405208741,16 / 1 CORBY AVENUE CONCORD NSW 2137,1991-07-05,140000,,,
405209432,2 / 188 CROYDON AVENUE CROYDON PARK NSW 2133,1991-09-23,175000,,,
405209790,4 / 30 OCEAN STREET PENSHURST NSW 2222,1991-12-11,135000,,,
405209028,20 MARTIN PLACE MORTDALE NSW 2223,1991-08-13,141000,,,
405209403,29 / 24 ELDRIDGE ROAD BANKSTOWN NSW 2200,1991-05-24,0,,,
405202049,84 INGLIS STREET MUDGEE NSW 2850,1991-08-31,0,,,
405202323,2 RUPERT STREET OBERON NSW 2787,1991-06-01,90000,,,
405202421,6 / 26 GOWER STREET SUMMER HILL NSW 2130,1991-03-01,166150,,,
405202577,11 GLYNDWR AVENUE OBERON NSW 2787,1991-03-28,12000,,,
405209662,3 ICETON STREET BURWOOD NSW 2134,1991-05-17,180000,,,
405202456,8 / 36 ST HILLIERS ROAD AUBURN NSW 2144,1991-12-03,103000,,,
405202611,60 PINNACLE ROAD ORANGE NSW 2800,1991-08-31,0,,,
405202157,17 BAKER STREET SPRING HILL NSW 2800,1991-10-10,42000,,,
405202541,2 STRATHROY AVENUE OBERON NSW 2787,1991-11-21,82500,,,
405203383,12 / 90 REGENT STREET REGENTS PARK NSW 2143,1991-04-08,18500,,,
405202950,31 ANGUS AVENUE AUBURN NSW 2144,1991-03-22,136100,,,
405202940,93 EDWIN STREET CROYDON NSW 2132,1991-04-19,160000,,,
405202975,21 KIHILLA ROAD AUBURN NSW 2144,1991-11-20,0,,,
405203092,4 NICOLE DRIVE ORANGE NSW 2800,1991-02-15,122000,,,
405200814,7 / 60 FROST STREET ORANGE NSW 2800,1991-09-30,73500,,,
405201123,3 SPICER'S PLACE ORANGE NSW 2800,1991-06-14,28000,,,
405200995,1 / 177 PARRAMATTA ROAD AUBURN NSW 2144,1991-01-24,1150000,,,
405200939,2 / 26 DARTBROOK ROAD AUBURN NSW 2144,1991-06-03,78500,,,
405201106,432 ANSON STREET ORANGE NSW 2800,1991-06-14,26000,,,
405201234,6 / 34 DARTBROOK ROAD AUBURN NSW 2144,1991-03-28,85000,,,
405201430,12 / 26 JAMES STREET LIDCOMBE NSW 2141,1991-07-03,350000,,,
405201349,23 KENNA STREET ORANGE NSW 2800,1991-10-29,82500,,,
405201190,1 / 3 GIBBONS STREET AUBURN NSW 2144,1991-09-25,105000,,,
405201568,5 / 100 BLAND STREET ASHFIELD NSW 2131,1991-06-11,111000,,,
405201629,10 / 17 MARY STREET LIDCOMBE NSW 2141,1991-10-14,104000,,,
405201993,3 / 124 PARK ROAD AUBURN NSW 2144,1991-09-02,160000,,,
405201766,2 / 32 WARRENDINE STREET ORANGE NSW 2800,1991-12-13,150000,,,
405201586,56 DALHOUSIE STREET HABERFIELD NSW 2045,1991-07-16,252000,,,
405199430,20 THAMES STREET FORBES NSW 2871,1991-10-28,78000,,,
405199002,124 FITZROY STREET DUBBO NSW 2830,1991-11-25,270000,,,
405200057,11 / 1 HARTAS LANE ORANGE NSW 2800,1991-02-22,74000,,,
405199880,7 CARDIGAN STREET AUBURN NSW 2144,1991-03-12,155000,,,
405202024,5 / 15 QUEEN STREET AUBURN NSW 2144,1991-08-22,110200,,,
405200148,7 / 55 NORTHUMBERLAND ROAD AUBURN NSW 2144,1991-06-24,130000,,,
405205954,334 MARION STREET CONDELL PARK NSW 2200,1991-04-05,290000,,,
405199879,9 BERITH STREET AUBURN NSW 2144,1991-01-25,100000,,,
405205981,34 THOMAS STREET PICNIC POINT NSW 2213,1991-08-05,0,,,
405200339,12 ROSEWOOD AVENUE ORANGE NSW 2800,1991-02-07,28000,,,
405206329,93 GREENACRE ROAD GREENACRE NSW 2190,1991-03-22,195000,,,
405206374,9 / 59 RAMSAY ROAD PICNIC POINT NSW 2213,1991-12-20,203000,,,
405206138,235 MARION STREET BANKSTOWN NSW 2200,1991-01-18,140000,,,
405206180,32 URALLA AVENUE PADSTOW NSW 2211,1991-03-15,165000,,,
405206129,3 KINGSTON AVENUE PANANIA NSW 2213,1991-12-23,0,,,
405206658,2 / 376 RAILWAY PARADE CARLTON NSW 2218,1991-01-24,143000,,,
405206547,3 / 21 SWAN AVENUE STRATHFIELD NSW 2135,1991-08-21,175333,,,
405206722,13 KING STREET CANTERBURY NSW 2193,1991-10-25,222000,,,
405206769,32 EDWIN STREET MORTLAKE NSW 2137,1991-03-25,445000,,,
405206863,35 CALOOLA CRESCENT BEVERLY HILLS NSW 2209,1991-06-23,212000,,,
405206999,5 LASSWADE STREET ASHBURY NSW 2193,1991-08-07,265000,,,
405206485,156 HOMER STREET EARLWOOD NSW 2206,1991-06-28,145000,,,
405207211,14 / 30 MORWICK STREET STRATHFIELD NSW 2135,1991-10-21,138000,,,
405206981,36 / 7 EVERTON ROAD STRATHFIELD NSW 2135,1991-06-04,174000,,,
405207226,5 / 14 MACDONALD STREET LAKEMBA NSW 2195,1991-10-08,110000,,,
405219928,80 PRINCE EDWARD PARK ROAD WORONORA NSW 2232,1991-03-26,165000,,,
405219854,31 NORTH STREET KEMPSEY NSW 2440,1991-06-28,91000,,,
405219149,74 SWIFT STREET BALLINA NSW 2478,1991-12-19,93000,,,
405219934,81 SOLDIERS ROAD JANNALI NSW 2226,1991-03-01,200000,,,
405219490,19 SIXTH AVENUE LOFTUS NSW 2232,1991-11-04,187500,,,
405219983,35 FIGTREE HILL DRIVE LENNOX HEAD NSW 2478,1991-09-20,58000,,,
405219181,40 PACIFIC HIGHWAY URUNGA NSW 2455,1991-05-07,98000,,,
405220323,8 VALLEY WAY GYMEA BAY NSW 2227,1991-06-26,135500,,,
405220302,30 OLD FERRY ROAD ILLAWONG NSW 2234,2016-09-06,2500,,,
405220608,5 GOVERNMENT ROAD SOUTH WEST ROCKS NSW 2431,1991-02-22,53000,,,
405220841,3 / 21 BORONIA STREET SAWTELL NSW 2452,1991-05-02,158000,,,
405002099,11 TULOA STREET WANGI WANGI NSW 2267,1990-09-20,32000,,,
405093933,6 CABBAGE TREE PALM CRESCENT PELICAN NSW 2281,1990-12-19,245000,,,
405094068,79 BERKELEY STREET SPEERS POINT NSW 2284,1990-10-20,127500,,,
405002447,39 FISHING POINT ROAD RATHMINES NSW 2283,1990-09-25,305000,,,
405002812,8 JOHN STREET BONNELLS BAY NSW 2264,1990-12-10,48000,,,
405001575,12 BOLTON CLOSE BOLTON POINT NSW 2283,1990-12-06,38700,,,
405093587,109 WYEE ROAD WYEE NSW 2259,1990-12-21,100000,,,
405093835,14 BUCKINGHAM STREET VALENTINE NSW 2280,1990-11-06,57000,,,
405094087,93 ELDER ROAD LAMBTON NSW 2299,1990-12-17,85000,,,
405002234,15 SOUTHERN CROSS DRIVE WOODRISING NSW 2284,1990-11-21,27000,,,
405093675,11 RESERVE ROAD WANGI WANGI NSW 2267,1990-11-29,51500,,,
405094216,17 GEORGE STREET MAYFIELD EAST NSW 2304,1990-12-18,75000,,,
405093725,42 AMELIA STREET CAREY BAY NSW 2283,1990-12-14,215840,,,
405100662,34 WAKOOL STREET TOOLEYBUC NSW 2736,1990-12-03,9500,,,
405100522,152 BAULKHAM HILLS ROAD BAULKHAM HILLS NSW 2153,1990-12-21,195000,,,
405100139,570 SCHUBACH STREET ALBURY NSW 2640,1990-12-21,108000,,,
405017377,570 SCHUBACH STREET ALBURY NSW 2640,1990-12-21,108000,,,
405005385,36 ELIZABETH STREET TELARAH NSW 2320,1990-12-20,98000,,,
405100044,14 BURKE STREET FINLEY NSW 2713,1990-11-20,20000,,,
405018354,67 MERRIVALE STREET TUMUT NSW 2720,1990-12-14,62000,,,
405100676,67 MERIVALE STREET TUMUT NSW 2720,1990-11-02,62000,,,
405021549,317 MALTON ROAD NORTH EPPING NSW 2121,1990-09-24,220000,,,
405022135,58 LONSDALE AVENUE BEROWRA HEIGHTS NSW 2082,1990-09-21,174000,,,
405100968,8 HAZELWOOD PLACE EPPING NSW 2121,1990-11-27,255000,,,
405100966,4 HAMPDEN ROAD PENNANT HILLS NSW 2120,1990-12-05,320000,,,
405101089,22 LOW STREET MOUNT KURING-GAI NSW 2080,1990-08-30,165000,,,
405024270,15 MYRTLE STREET NORMANHURST NSW 2076,1990-05-15,195000,,,
405023534,3 HILLGATE PLACE CHERRYBROOK NSW 2154,1990-05-08,290000,,,
405021433,18 LYNBRAE AVENUE BEECROFT NSW 2119,1990-05-14,310000,,,
405023364,7 LACKENWOOD CRESCENT GALSTON NSW 2159,1990-10-06,240000,,,
405024358,9 BELBOWRIE CLOSE GALSTON NSW 2159,1990-02-28,420000,,,
405024156,63 HANNAH STREET BEECROFT NSW 2119,1990-12-17,287500,,,
405101561,9 LOCKSLEY CLOSE WAHROONGA NSW 2076,1990-08-08,270000,,,
405101182,20 MAPLE AVENUE PENNANT HILLS NSW 2120,1990-02-09,345000,,,
405101673,83 BEROWRA WATERS ROAD BEROWRA NSW 2081,1990-07-13,250000,,,
405101352,9 MARINA CLOSE MOUNT KURING-GAI NSW 2080,1990-01-19,410000,,,
405022201,8 DELAWARE STREET EPPING NSW 2121,1990-08-17,310000,,,
405022311,16 BARDIA ROAD CARLINGFORD NSW 2118,1990-07-12,180000,,,
405094835,7 VERULAM ROAD LAMBTON NSW 2299,1990-11-16,56000,,,
405101759,5 DANTIC PLACE CHERRYBROOK NSW 2126,1990-10-15,152000,,,
405022136,7 NARAMBI CLOSE BEROWRA HEIGHTS NSW 2082,1990-07-13,115000,,,
405023504,15 BANKSIA PLACE ARCADIA NSW 2159,1990-01-19,350000,,,
405101394,15 BANKSIA PLACE ARCADIA NSW 2159,1990-01-19,350000,,,
405101761,1 DANTIC PLACE CHERRYBROOK NSW 2126,1990-10-25,138000,,,
405094827,139 REGENT STREET NEW LAMBTON NSW 2305,1990-09-25,99000,,,
405021583,12 SPRING STREET BEECROFT NSW 2119,1990-04-04,340000,,,
405006597,28 METCALFE STREET WALLSEND NSW 2287,1990-11-26,69950,,,
405094901,16 TOOKE STREET BAR BEACH NSW 2300,1990-12-20,285000,,,
405095059,11 POPPLEWELL ROAD FERN BAY NSW 2295,1990-10-20,190000,,,
405006194,12 STEDMAN STREET MAYFIELD NSW 2304,1990-12-21,73000,,,
405008779,16 KERRIGAN STREET NELSON BAY NSW 2315,1990-10-15,35000,,,
405094875,7 HINKLER STREET MAYFIELD NSW 2304,1990-11-02,88500,,,
405094868,32 VINE STREET MAYFIELD NSW 2304,1990-11-28,35000,,,
405006786,19 MOIRA STREET ADAMSTOWN NSW 2289,1990-12-21,105000,,,
405095523,17 LOWREY STREET STROUD NSW 2425,1990-05-21,80000,,,
405102114,62 AMOR STREET HORNSBY NSW 2077,1990-09-19,120000,,,
405004456,66 CLEARY STREET HAMILTON NSW 2303,1990-12-07,58000,,,
405095331,66 CLEARY STREET HAMILTON NSW 2303,1990-12-07,58000,,,
405004101,74 NATIONAL PARK STREET HAMILTON EAST NSW 2303,1990-12-17,138000,,,
405101920,48 ESSEX STREET EPPING NSW 2121,1990-02-02,265000,,,
405023401,11 CARINYA ROAD MT COLAH NSW 2079,1990-08-23,153000,,,
405024140,153 COPELAND ROAD BEECROFT NSW 2119,1990-04-09,560000,,,
405101829,153 COPELAND ROAD BEECROFT NSW 2119,1990-04-09,560000,,,
405101744,6 BRAIDWOOD AVENUE EPPING NSW 2121,1990-11-05,238000,,,
405023448,14 EUROKA ROAD WESTLEIGH NSW 2120,1990-12-06,300000,,,
405102043,14 EUROKA ROAD WESTLEIGH NSW 2120,1990-12-06,300000,,,
405023276,28 BORONIA AVENUE CHELTENHAM NSW 2119,1990-02-09,1100000,,,
405102103,36 BILLARGA ROAD WESTLEIGH NSW 2120,1990-03-14,305000,,,
405004626,35 CLEARY STREET HAMILTON NSW 2303,1990-09-05,145000,,,
405021601,78 BEROWRA WATERS ROAD BEROWRA NSW 2081,1990-02-22,228000,,,
405024741,23 WAIPORI STREET ST IVES CHASE NSW 2075,1990-11-25,145000,,,
405102283,1 FINLAY AVENUE BEECROFT NSW 2119,1990-05-07,205300,,,
405102066,8 AMBER CLOSE THORNLEIGH NSW 2120,1990-10-24,225000,,,
405094149,1 ANGOPHORA DRIVE WARABROOK NSW 2304,1990-12-05,350000,,,
405022391,59 BILLARGA ROAD WESTLEIGH NSW 2120,1990-02-23,220000,,,
405102167,36 AMOR STREET ASQUITH NSW 2077,1990-02-13,310000,,,
405114727,50 CHARLES STREET LIVERPOOL NSW 2170,1990-05-22,131000,,,
405006386,27 GARDEN GROVE PARADE ADAMSTOWN HEIGHTS NSW 2289,1990-11-08,155000,,,
405006389,65 GEORGE STREET NORTH LAMBTON NSW 2299,1990-11-12,148000,,,
405004822,4 CROUDACE ROAD ELERMORE VALE NSW 2287,1990-11-05,93000,,,
405114800,42 FOVEAUX AVENUE LURNEA NSW 2170,1990-03-27,135000,,,
405114818,3 BUCKLAND ROAD LIVERPOOL NSW 2170,1990-06-22,1111,,,
405114967,109 ELIZABETH DRIVE LIVERPOOL NSW 2170,1990-12-31,1953360,,,
405114537,24 TREVANNA STREET BUSBY NSW 2168,1990-11-30,110000,,,
405115153,21 CORMORANT AVENUE HINCHINBROOK NSW 2168,1990-11-02,58950,,,
405115046,2 CORBY PLACE CHIPPING NORTON NSW 2170,1990-08-03,225000,,,
405114968,115 ELIZABETH DRIVE LIVERPOOL NSW 2170,1990-07-24,1111,,,
405094669,30 VICTORIA STREET ADAMSTOWN NSW 2289,1990-12-18,110000,,,
405094582,59 ROE STREET MAYFIELD NSW 2304,1990-11-21,35000,,,
405006591,69 GLEBE ROAD MEREWETHER NSW 2291,1990-10-30,115000,,,
405115238,10 BYRNE STREET ASHCROFT NSW 2168,1990-12-21,160000,,,
405115222,61 GUTHEGA CRESCENT HECKENBERG NSW 2168,1990-04-27,107000,,,
405115323,19 GRAHAM AVENUE CASULA NSW 2170,1990-12-14,123500,,,
405115115,15 BALANADA AVENUE CHIPPING NORTON NSW 2170,1990-10-26,168000,,,
405115257,19 DUNDEE STREET SADLEIR NSW 2168,1990-07-02,110000,,,
405115892,53 PHILLIP STREET ST MARYS NSW 2760,1990-08-29,97000,,,
405115555,6 LIBRA PLACE ERSKINE PARK NSW 2759,1990-12-14,125000,,,
405115824,13 KIPLING DRIVE ST MARYS NSW 2760,1990-12-14,118500,,,
405115663,9 BLACKBUTT PLACE EMU PLAINS NSW 2750,1990-04-19,155000,,,
405115549,12 LADBURY AVENUE PENRITH NSW 2750,1990-02-23,93000,,,
405085775,21 BLAMEY ROAD COLYTON NSW 2760,1990-12-19,92500,,,
405115919,222 SHEPHERD STREET ST MARYS NSW 2760,1990-06-22,141000,,,
405112821,11 WILLIAM HOWE PLACE NARELLAN VALE NSW 2567,1990-12-21,147140,,,
405086738,22 PHOENIX CRESCENT ERSKINE PARK NSW 2759,1990-09-28,62750,,,
405085684,85 SHEPPARD ROAD EMU PLAINS NSW 2750,1990-04-12,190000,,,
405087467,194 SHEPHERD STREET ST MARYS NSW 2760,1990-09-28,120000,,,
405116193,95 PINE CREEK CIRCUIT ST CLAIR NSW 2759,1990-05-01,118000,,,
405113067,9 BATES CLOSE ELDERSLIE NSW 2570,1990-06-22,68000,,,
405113066,15 BATES CLOSE ELDERSLIE NSW 2570,1990-01-22,72000,,,
405116322,3 SHIELDS ROAD COLYTON NSW 2760,1990-06-01,115000,,,
405086742,30 PHOENIX CRESCENT ERSKINE PARK NSW 2759,1990-06-01,63750,,,
405112984,5 LARNACH PLACE ELDERSLIE NSW 2570,1990-12-21,139000,,,
405087077,21 RODLEY AVENUE PENRITH NSW 2750,1990-05-22,175000,,,
405116317,21 RODLEY AVENUE PENRITH NSW 2750,1990-05-22,175000,,,
405113120,10 POLWORTH CLOSE ELDERSLIE NSW 2570,1990-08-31,70000,,,
405113139,8 SOUTHDOWN ROAD ELDERSLIE NSW 2570,1990-09-10,60000,,,
405078417,24 LITTLE STREET CAMDEN NSW 2570,1990-05-25,132000,,,
405083938,45 VILLIERS STREET PORTLAND NSW 2847,1990-06-20,60000,,,
405113925,18 WHITE WAY CASULA NSW 2170,1990-11-20,88000,,,
405113736,35 LEHMANN AVENUE LIVERPOOL NSW 2170,1990-11-16,160000,,,
405113908,7 WHIMBREL AVENUE HINCHINBROOK NSW 2168,1990-10-03,67250,,,
405114006,9 TENNANT STREET CASULA NSW 2170,1990-09-25,86500,,,
405078035,8 SUSSEX PLACE NARELLAN NSW 2567,1990-10-03,140500,,,
405080243,28 COOK AVENUE CANLEY VALE NSW 2166,1990-08-16,93700,,,
405113590,28 COOK AVENUE CANLEY VALE NSW 2166,1990-08-16,93700,,,
405077123,9 BURKE STREET RUSE NSW 2560,1990-08-27,55000,,,
405114009,15 TENNANT STREET CASULA NSW 2170,1990-09-04,86500,,,
405080434,36 KALANG ROAD EDENSOR PARK NSW 2176,1990-11-23,110000,,,
405114372,13 SHUTE WAY CASULA NSW 2170,1990-12-28,83000,,,
405084441,10 OXLEY STREET WALLERAWANG NSW 2845,1990-08-28,46000,,,
405113824,6 KYLIE WAY CASULA NSW 2170,1990-12-28,83000,,,
405114035,20 MAINSBRIDGE AVENUE LIVERPOOL NSW 2170,1990-12-20,105000,,,
405114323,4 SWAIN STREET MOOREBANK NSW 2170,1990-09-21,1111,,,
405113708,117 MAIN STREET LITHGOW NSW 2790,1990-11-30,120000,,,
405114203,73 ST ANDREWS BOULEVARD CASULA NSW 2170,1990-11-23,111,,,
405083977,21 STOCKTON AVENUE MOOREBANK NSW 2170,1990-01-03,0,,,
405081301,90 FAIRVIEW ROAD CABRAMATTA NSW 2166,1990-11-02,136500,,,
405114462,47 O'BRIEN PARADE LIVERPOOL NSW 2170,1990-08-31,121000,,,
405113485,110 HAM STREET SOUTH WINDSOR NSW 2756,1990-12-04,337840,,,
405068177,5 WATERLOO STREET SURRY HILLS NSW 2010,1990-07-09,3000000,,,
405113707,93 MAIN STREET LITHGOW NSW 2790,1990-06-29,100000,,,
405083023,93 MAIN STREET LITHGOW NSW 2790,1990-06-29,100000,,,
405067738,77 BOUNDARY STREET DARLINGHURST NSW 2010,1990-12-21,605000,,,
405084754,45 MARYVALE AVENUE LIVERPOOL NSW 2170,1990-11-30,125000,,,
405114412,45 MARYVALE AVENUE LIVERPOOL NSW 2170,1990-11-30,125000,,,
405111652,40 HUTCHINSON STREET SURRY HILLS NSW 2010,1990-07-31,159000,,,
405112059,1 RAINFORD STREET SURRY HILLS NSW 2010,1990-08-21,275000,,,
405068424,23 LITTLE CLEVELAND STREET REDFERN NSW 2016,1990-04-27,95000,,,
405112149,21 FOXWOOD AVENUE QUAKERS HILL NSW 2763,1990-08-24,62000,,,
405112044,70 MARSHALL STREET SURRY HILLS NSW 2010,1990-11-16,155000,,,
405068150,99 EVELEIGH STREET REDFERN NSW 2016,1990-05-22,31000,,,
405112162,59 GILLIAN CRESCENT HASSALL GROVE NSW 2761,1990-08-29,55000,,,
405067927,21 JENNINGS STREET ALEXANDRIA NSW 2015,1990-08-22,163000,,,
405111781,42 PRIMROSE AVENUE ROSEBERY NSW 2018,1990-06-15,227000,,,
405070236,42 PRIMROSE AVENUE ROSEBERY NSW 2018,1990-07-27,227000,,,
405067735,71 BOUNDARY STREET DARLINGHURST NSW 2010,1990-05-17,220000,,,
405112190,24 JACARANDA PLACE DOONSIDE NSW 2767,1990-04-27,119538,,,
405108973,201 YAMBA ROAD YAMBA NSW 2464,1990-12-24,85000,,,
405112254,7 JESSICA PLACE PLUMPTON NSW 2761,1990-11-12,58000,,,
405068860,34 FOXWOOD AVENUE QUAKERS HILL NSW 2763,1990-09-24,64000,,,
405112170,34 FOXWOOD AVENUE QUAKERS HILL NSW 2763,1990-09-24,64000,,,
405112401,25 BOOMERANG PLACE SEVEN HILLS NSW 2147,1990-12-13,310000,,,
405057817,119 WINGHAM ROAD TAREE NSW 2430,1990-10-25,130000,,,
405109221,14 WOODCLIFF PARADE TAREE NSW 2430,1990-12-14,28000,,,
405112532,18 CROATIA PLACE QUAKERS HILL NSW 2763,1990-12-10,75000,,,
405111742,82 ANN STREET SURRY HILLS NSW 2010,1990-09-21,335500,,,
405109839,44 HIBISCUS PARADE BANORA POINT NSW 2486,1990-12-13,276500,,,
405109591,216 KENNEDY DRIVE TWEED HEADS WEST NSW 2485,1990-04-18,870000,,,
405059292,216 KENNEDY DRIVE TWEED HEADS WEST NSW 2485,1990-04-18,870000,,,
405108952,22 FERMOY AVENUE LISMORE NSW 2480,1990-03-30,95000,,,
405062425,127 GREY STREET GLEN INNES NSW 2370,1990-10-10,70000,,,
405110651,90 BRIDGE STREET URALLA NSW 2358,1990-10-12,126000,,,
405110692,23 MAITLAND STREET URALLA NSW 2358,1990-08-02,58000,,,
405110046,276 GREY STREET GLEN INNES NSW 2370,1990-05-31,80000,,,
405064427,228 BYRON STREET INVERELL NSW 2360,1990-08-10,70000,,,
405064647,108 FITZROY STREET QUIRINDI NSW 2343,1990-10-24,52000,,,
405064237,23 BRAE STREET INVERELL NSW 2360,1990-10-18,88500,,,
405062137,128 FLORENCE AVENUE EASTLAKES NSW 2018,1990-11-16,226000,,,
405065712,69 VICTORIA ROAD ROZELLE NSW 2039,1990-11-07,455000,,,
405111131,38 THOMSON STREET DARLINGHURST NSW 2010,1990-05-04,315000,,,
405110925,87 MILLER STREET PYRMONT NSW 2009,1990-01-12,180000,,,
405064740,11 ADDISON ROAD MARRICKVILLE NSW 2204,1990-04-29,120000,,,
405111169,10 SMITH STREET SURRY HILLS NSW 2010,1990-05-07,150000,,,
405067340,118 BELMONT STREET ALEXANDRIA NSW 2015,1990-06-25,190000,,,
405045326,7 TEAKLE STREET SUMMER HILL NSW 2130,1990-11-30,330000,,,
405050435,30 WENTWORTH ROAD STRATHFIELD NSW 2135,1990-09-19,407500,4,2,1
405050100,9 PORTLAND STREET ENFIELD NSW 2136,1990-02-19,176000,,,
405106535,9 PORTLAND STREET ENFIELD NSW 2136,1990-02-19,176000,,,
405050425,9 WALSH AVENUE CROYDON PARK NSW 2133,1990-06-01,180000,,,
405106657,17 BRAND STREET CROYDON NSW 2132,1990-09-06,225000,,,
405050259,11 SUNBEAM AVENUE CROYDON NSW 2134,1990-11-13,370000,,,
405106718,101 MITCHELL STREET CROYDON PARK NSW 2133,1990-07-17,225500,,,
405106534,64 PORTLAND STREET CROYDON PARK NSW 2133,1990-02-02,152000,,,
405108181,12 FRANK COOPER STREET SOUTH WEST ROCKS NSW 2431,1990-12-21,85000,,,
405108402,13 BELMORE STREET SMITHTOWN NSW 2440,1990-11-20,70000,,,
405107978,145 SAWTELL ROAD SAWTELL NSW 2452,1990-12-18,107000,,,
405057055,3 CARLA PLACE ALSTONVILLE NSW 2477,1990-08-23,46000,,,
405106961,38 CURRAWANG STREET CONCORD WEST NSW 2138,1990-10-08,245000,,,
405057052,9 ADELE STREET ALSTONVILLE NSW 2477,1990-10-26,46000,,,
405050514,9 LOFTUS STREET CONCORD NSW 2137,1990-04-10,465000,,,
405050492,9 KINGSTON AVENUE CONCORD NSW 2137,1990-11-30,193000,,,
405107162,446 RAILWAY PARADE ALLAWAH NSW 2218,1990-12-22,215000,,,
405108149,38 COURSE STREET GRAFTON NSW 2460,1990-12-17,120000,,,
405044183,16 COURT STREET MUDGEE NSW 2850,1990-12-07,210000,,,
405056064,88 JOHNSTON STREET CASINO NSW 2470,1990-10-26,82500,,,
405104667,13 LINDSAY PLACE DUBBO NSW 2830,1990-11-05,95000,,,
405108222,9 FIFTEENTH AVENUE SAWTELL NSW 2452,1990-12-17,158000,,,
405104940,25 MEADOWBANK DRIVE DUBBO NSW 2830,1990-10-09,93450,,,
405104883,15 HOWARD AVENUE DUBBO NSW 2830,1990-10-24,112000,,,
405108664,20 MALONEY AVENUE SOUTH LISMORE NSW 2480,1990-12-21,80000,,,
405059601,42 TERANIA STREET LISMORE NSW 2480,1990-11-21,30000,,,
405108528,42 TERANIA STREET NORTH LISMORE NSW 2480,1990-11-21,30000,,,
405104866,72 CHRISTIE STREET RAGLAN NSW 2795,1990-11-29,130000,,,
405104766,12 RUSSELL STREET BATHURST NSW 2795,1990-12-19,97000,,,
405108911,86 ESMONDE STREET LISMORE NSW 2480,1990-08-17,70000,,,
405044185,26 DENISON STREET MUDGEE NSW 2850,1990-12-10,123000,,,
405105524,149 LOUEE STREET RYLSTONE NSW 2849,1990-09-12,700,,,
405046985,2 YEO AVENUE ASHFIELD NSW 2131,1990-10-31,227500,,,
405045546,54 O'CONNOR STREET HABERFIELD NSW 2045,1990-10-05,320000,,,
405046192,100 ALT STREET ASHFIELD NSW 2131,1990-11-02,231000,,,
405105625,29 CARSHALTON STREET CROYDON NSW 2132,1990-09-07,146500,,,
405046802,202 HAWTHORNE PARADE HABERFIELD NSW 2045,1990-11-23,180000,,,
405106110,76 CHURCH STREET ASHFIELD NSW 2131,1990-12-14,154100,,,
405106067,79 MAUGHAN STREET WELLINGTON NSW 2820,1990-08-31,36000,,,
405103498,28 BALFOUR ROAD AUSTINMER NSW 2515,1990-11-16,155000,,,
405046327,7 KOORONGA AVENUE ORANGE NSW 2800,1990-12-10,70000,,,
405047164,16 HENRY STREET ASHFIELD NSW 2131,1990-10-08,225000,,,
405106201,33 CARLISLE STREET ASHFIELD NSW 2131,1990-09-17,170000,,,
405047716,41 MORRIS STREET SUMMER HILL NSW 2130,1990-12-15,152000,,,
405103288,11 AUSTIN STREET WOONONA NSW 2517,1990-02-22,103000,,,
405045538,19 YEO AVENUE ASHFIELD NSW 2131,1990-10-18,233000,,,
405038616,9 DENISON STREET WOLLONGONG NSW 2500,1990-03-30,99500,,,
405106272,198 QUEEN STREET ASHFIELD NSW 2131,1990-03-29,250000,,,
405103809,5 BROKER STREET RUSSELL VALE NSW 2517,1990-01-19,115000,,,
405040100,14 CHURCHILL AVENUE WARRAWONG NSW 2502,1990-12-21,95000,,,
405103754,14 CHURCHILL AVENUE WARRAWONG NSW 2502,1990-12-21,95000,,,
405103664,2 BENT STREET WARRAWONG NSW 2502,1990-09-21,135000,,,
405038784,2 BENT STREET WARRAWONG NSW 2502,1990-09-21,135000,,,
405103831,192 CORRIMAL STREET WOLLONGONG NSW 2500,1990-11-05,154000,,,
405041320,4 CARR PARADE UNANDERRA NSW 2526,1990-04-17,109000,,,
405040536,41 CHURCH STREET WOLLONGONG NSW 2500,1990-05-03,220000,,,
405104055,6 CARRINGLE STREET BERKELEY NSW 2506,1990-05-21,110000,,,
405038142,22 BARELLAN AVENUE DAPTO NSW 2530,1990-06-08,80000,,,
405104070,18 COWPER STREET PORT KEMBLA NSW 2505,1990-09-05,190000,,,
405043343,28 BARKER CIRCUIT BATHURST NSW 2795,1990-12-06,140000,,,
405103690,23 ALLAN STREET PORT KEMBLA NSW 2505,1990-10-05,101000,,,
405039018,48 BILLABONG AVENUE DAPTO NSW 2530,1990-03-27,80000,,,
403633666,251 CRAWFORD STREET QUEANBEYAN NSW 2620,1986-08-13,675000,,,
403628733,5 PILBARRA PLACE CARTWRIGHT NSW 2168,1977-09-26,9480,,,
403632831,16 TAPIOLA AVENUE HEBERSHAM NSW 2770,1975-08-08,15400,,,
403482505,DE MEYRICK AVENUE CASULA NSW 2170,1900-01-01,420000,,,
403580319,25 / 106 CRIMEA ROAD MARSFIELD NSW 2122,1991-10-10,155000,,,
403577994,3 RENSHAW STREET WARWICK FARM NSW 2170,1965-09-23,8250,,,
404676027,21 BAYVIEW ROAD CRONULLA NSW 2230,1986-02-21,142000,,,
403218622,553 GLEBE ROAD ADAMSTOWN NSW 2289,1900-01-01,20000,3,1,
404500290,132 TOWNVIEW ROAD MOUNT PRITCHARD NSW 2170,1972-06-05,12000
404540905,4 ADAMS STREET STOCKINBINGAL NSW 2725,1972-05-09,2000,,,
403178918,WENTWORTH STREET TEMPE NSW 2044,1978-03-09,1270,,,
404590631,32 LOFTUS STREET BUNDEENA NSW 2230,1994-09-17,0,,,
404589454,5 / 22 PARK AVENUE BURWOOD NSW 2134,1993-05-17,135000,,,
404594263,3 MOFFATT DRIVE LALOR PARK NSW 2147,1960-12-21,6070,,,
402941343,9 ISA PLACE CARTWRIGHT NSW 2168,1967-09-15,9730,,,
403084973,MIMOSA STREET COOLAMON NSW 2701,1966-11-07,9150,,,
403082809,3 KENILWORTH STREET MILLER NSW 2168,1964-07-30,89750,,,
403091229,34 ALLOWAH STREET WARATAH WEST NSW 2298,1961-12-29,7670,,,
403544051,7 SELTIN GLEN WEST HAVEN NSW 2443,1900-01-01,525000,,,
403547740,6 HUNTLEY PLACE CARTWRIGHT NSW 2168,1966-04-29,7650,,,
403339124,43 TOBRUK STREET ASHMONT NSW 2650,1983-11-11,7970,,,
405142211,2 MARGARET PLACE ABERDEEN NSW 2336,1991-09-19,74000,,,
405318482,8 BANGALOW PLACE FORSTER NSW 2428,1991-11-12,225000,3,,2
405133332,6 REGENT STREET MAYFIELD NSW 2304,1991-12-12,179950,,,
405144205,54 BUCHAN AVENUE SINGLETON NSW 2330,1991-07-16,76000,,,
405137058,6 ILUKA CLOSE FINGAL BAY NSW 2315,1991-05-15,208000,,,
405318357,14 FARM ROAD FINGAL BAY NSW 2315,1991-06-20,82000,,,
405318745,36 WILSON STREET TUNCURRY NSW 2428,1991-10-12,69000,,,
405318112,19 GUY AVENUE FORSTER NSW 2428,1991-05-06,140000,,,
405318737,14 DE LORE CRESCENT TUNCURRY NSW 2428,1991-06-18,154000,,,
405318575,85 HIND AVENUE FORSTER NSW 2428,1991-09-19,66000,,,
405317924,16 PORTER CLOSE TUNCURRY NSW 2428,1991-02-11,48000,,,
405318108,15 GREENVIEW CLOSE FORSTER NSW 2428,1991-05-17,87000,,,
405318908,12 LACHLAN AVENUE SINGLETON NSW 2330,1991-02-21,55000,,,
405146459,55 KELSO STREET SINGLETON NSW 2330,1991-09-10,110000,,,
405139610,204 BOOMERANG DRIVE BLUEYS BEACH NSW 2428,1991-09-10,58000,,,
405318973,4 HEATH AVENUE TUNCURRY NSW 2428,1991-07-12,130000,,,
405319398,12 MOUNT VIEW PARADE TUNCURRY NSW 2428,1991-10-03,300000,,,
405319506,7 PRESIDENT WILSON WALK TANILBA BAY NSW 2319,1991-05-13,197500,,,
405319589,21 ADINA CLOSE FORSTER NSW 2428,1991-07-01,124000,,,
405319584,4 KAMAROOKA STREET COOMBA PARK NSW 2428,1991-06-14,13000,,,
405319094,36 AVENUE OF THE ALLIES TANILBA BAY NSW 2319,1991-05-22,105000,,,
405319396,15 MONTEGO PLACE TUNCURRY NSW 2428,1991-10-18,150000,,,
405312956,10 VICTORIA STREET EAST MAITLAND NSW 2323,1991-01-11,93000,,,
405319079,9 DOLPHIN AVENUE HAWKS NEST NSW 2324,1991-04-19,160000,,,
405135004,26 FIRST AVENUE NORTH LAMBTON NSW 2299,1991-01-17,88500,,,
405134685,58 EVESCOURT ROAD NEW LAMBTON NSW 2305,1991-10-26,194000,,,
405312781,4 DOYLE STREET MUSWELLBROOK NSW 2333,1991-05-02,170000,,,
405313295,30 DANGERFIELD DRIVE ELERMORE VALE NSW 2287,1991-01-16,200000,,,
405145120,36 CARRINGTON STREET SINGLETON NSW 2330,1991-03-20,26472,,,
405313440,1 DORA STREET MAYFIELD NSW 2304,1991-10-23,100000,,,
405312974,22 ELIZABETH STREET MAYFIELD NSW 2304,1991-01-18,75000,,,
405312823,19 QUEEN STREET RUTHERFORD NSW 2320,1991-02-28,99000,,,
405313313,55 LAWES STREET EAST MAITLAND NSW 2323,1991-03-04,120000,,,
405313312,55 LAWES STREET EAST MAITLAND NSW 2323,1991-03-04,120000,,,
405130539,16 MELALEUCA DRIVE METFORD NSW 2323,1991-03-27,95000,,,
405313319,16 MELALEUCA DRIVE METFORD NSW 2323,1991-03-27,95000,,,
405313192,6 DANGERFIELD DRIVE ELERMORE VALE NSW 2287,1991-01-18,275000,,,
405132005,37 RAYMOND STREET TELARAH NSW 2320,1991-04-20,56500,,,
405135771,21 GEORGETOWN ROAD GEORGETOWN NSW 2298,1991-07-09,103000,,,
405312839,15 VERONA CLOSE RUTHERFORD NSW 2320,1991-02-25,27500,,,
405131920,34 BLIGH STREET TELARAH NSW 2320,1991-12-19,80000,,,
405130554,19 MELALEUCA DRIVE METFORD NSW 2323,1991-03-14,32000,,,
405133087,27 SWALLOW AVENUE WOODBERRY NSW 2322,1991-09-05,96000,,,
405313858,129 LINDSAY STREET HAMILTON NSW 2303,1991-11-18,137500,,,
405135616,6 KING STREET LORN NSW 2320,1991-10-01,159000,,,
405313690,135 SWAN STREET MORPETH NSW 2321,1991-07-19,250000,,,
405313456,21 MELALEUCA DRIVE METFORD NSW 2323,1991-12-12,109250,,,
405313676,37 REILLY STREET THORNTON NSW 2322,1991-12-05,40000,,,
405132333,37 REILLY STREET THORNTON NSW 2322,1991-12-05,40000,,,
405313665,10 REILLY STREET THORNTON NSW 2322,1991-10-29,43500,,,
405313953,12 JOHN STREET WALLSEND NSW 2287,1991-09-26,106000,,,
405314098,14 MELISSA AVENUE ADAMSTOWN HEIGHTS NSW 2289,1991-10-10,172500,,,
405137959,13 BAY STREET NELSON BAY NSW 2315,1991-08-22,160000,,,
405313770,5 PANGARI PLACE LAMBTON NSW 2299,1991-06-19,50000,,,
405316742,146 MOUNT HALL ROAD RAYMOND TERRACE NSW 2324,1991-08-21,126000,,,
405137102,146 MOUNT HALL ROAD RAYMOND TERRACE NSW 2324,1991-08-21,126000,,,
405316756,25 TRUSCOTT STREET RAYMOND TERRACE NSW 2324,1991-11-29,141500,,,
405316898,16 SHOAL BAY AVENUE SHOAL BAY NSW 2315,1991-05-15,300000,,,
405133680,22 ROBERTSON STREET CARRINGTON NSW 2294,1991-02-04,70000,,,
405316748,111 MOUNT HALL ROAD RAYMOND TERRACE NSW 2324,1991-08-02,195000,,,
405137009,9 BRAID ROAD FERN BAY NSW 2295,1991-09-16,45000,,,
405317237,10 ARTELL CLOSE RAYMOND TERRACE NSW 2324,1991-11-02,45600,,,
405136859,26 GLENELG STREET RAYMOND TERRACE NSW 2324,1991-07-25,86000,,,
405317135,26 GLENELG STREET RAYMOND TERRACE NSW 2324,1991-07-25,86000,,,
405316512,67 RIGNEY STREET SHOAL BAY NSW 2315,1991-07-12,120000,,,
405095125,67 RIGNEY STREET SHOAL BAY NSW 2315,1990-06-29,53000,,,
405314089,315 MAITLAND ROAD MAYFIELD WEST NSW 2304,1991-02-13,1000000,,,
405132778,2 CURLEY ROAD BROADMEADOW NSW 2292,1991-08-23,89000,,,
405316817,14 WHITESANDS ROAD FINGAL BAY NSW 2315,1991-12-27,82000,,,
405317394,21 HEATHER CLOSE RAYMOND TERRACE NSW 2324,1991-04-30,93000,,,
405136912,21 HUNTER STREET RAYMOND TERRACE NSW 2324,1991-11-16,70000,,,
405317570,39 WOODFORD STREET MINMI NSW 2287,1991-10-22,82000,,,
405131041,10 CEDAR CRESCENT MEREWETHER HEIGHTS NSW 2291,1991-11-27,227500,,,
405135737,48 BRUNKER ROAD BROADMEADOW NSW 2292,1991-01-16,92500,,,
405136705,10 ESKDALE DRIVE RAYMOND TERRACE NSW 2324,1991-08-22,180000,,,
405141071,10 FLORIDA STREET THE ENTRANCE NORTH NSW 2261,1991-03-11,100000,,,
405319952,6 JARRAH COURT OURIMBAH NSW 2258,1991-05-28,49900,,,
405320321,15 KAURI COURT OURIMBAH NSW 2258,1991-03-01,63900,,,
405317623,15 TORPEY AVENUE LEMON TREE PASSAGE NSW 2319,1991-07-18,139000,,,
405320448,9 MARGARET STREET WYONG NSW 2259,1991-04-11,195000,,,
405320454,36 MARGHERITA AVENUE BATEAU BAY NSW 2261,1991-03-21,131000,,,
405140099,13 HIGHCLERE STREET BATEAU BAY NSW 2261,1991-05-13,138000,,,
405140269,2 MERMAID DRIVE BATEAU BAY NSW 2261,1991-02-12,128000,,,
405320461,2 MERMAID DRIVE BATEAU BAY NSW 2261,1991-02-12,128000,,,
405140535,43 ILUKA AVENUE SAN REMO NSW 2262,1991-09-09,78000,,,
405320474,41 FRAVENT STREET TOUKLEY NSW 2263,1991-09-18,112000,,,
405146754,7 MAHOGANY CLOSE OURIMBAH NSW 2258,1991-05-02,54000,,,
405145725,8 MONTEREY AVENUE MANNERING PARK NSW 2259,1991-12-24,69000,,,
405344569,44 BELBOWRIE PARADE MALONEYS BEACH NSW 2536,1991-12-23,16800,,,
405320674,8 MOLLY CLOSE BATEAU BAY NSW 2261,1991-10-29,63500,,,
405320209,2 KATOOMBA AVENUE SAN REMO NSW 2262,1991-09-20,88000,,,
405320898,5 HILLSDALE CLOSE GOROKAN NSW 2263,1991-04-05,139000,,,
405185392,51 MORT AVENUE DALMENY NSW 2546,1991-04-02,65000,,,
405344708,9 JOCELYN STREET DALMENY NSW 2546,1991-11-07,145000,,,
405344612,32 NOBLE PARADE DALMENY NSW 2546,1991-08-17,190000,,,
405344733,76 LONGBEACH ROAD LONG BEACH NSW 2536,1991-01-04,115000,,,
405319913,113 GEORGE EVANS ROAD KILLARNEY VALE NSW 2261,1991-08-12,145000,,,
405344863,25 BALDWIN AVENUE KIANGA NSW 2546,1991-06-24,122000,,,
405345116,7 MYAMBA PARADE SURFSIDE NSW 2536,1991-05-24,150000,,,
405142596,14 GORDON ROAD LONG JETTY NSW 2261,1991-03-15,125000,,,
405181915,92 NELSON PARADE TUROSS HEAD NSW 2537,1991-11-28,150000,,,
405344920,15 LAKE STREET TUROSS HEAD NSW 2537,1991-04-10,30000,,,
405345274,9 JOHN STREET MORUYA NSW 2537,1991-08-07,69000,,,
405184236,14 HERARDE STREET BATEMANS BAY NSW 2536,1991-05-21,74500,,,
405344630,14 HERARDE STREET BATEMANS BAY NSW 2536,1991-05-21,74500,,,
405181697,24 MARLIN STREET TUROSS HEAD NSW 2537,1991-02-27,145000,,,
405183089,46 SYDNEY STREET MOGO NSW 2536,1991-07-01,50000,,,
405319578,29 PEEL STREET TUNCURRY NSW 2428,1991-08-01,157000,,,
405319583,29 PEEL STREET TUNCURRY NSW 2428,1991-09-27,160000,,,
405184518,17 BINDA STREET MALUA BAY NSW 2536,1991-06-25,135000,,,
405345361,30 MONTAGUE AVENUE KIANGA NSW 2546,1991-08-01,157000,,,
405345159,71 BURRI POINT ROAD GUERILLA BAY NSW 2536,1991-01-22,71500,,,
405345536,34 GOOLARA AVENUE DALMENY NSW 2546,1991-07-31,110000,,,
405345445,4 SUNNYSIDE CRESCENT KIANGA NSW 2546,1991-04-02,39000,,,
405345642,5 KOBADA AVENUE LILLI PILLI NSW 2536,1991-05-22,134000,,,
405344850,70 ANNETTS PARADE MOSSY POINT NSW 2537,1991-05-07,134500,,,
405345322,32 SALMON STREET TUROSS HEAD NSW 2537,1991-06-12,149000,,,
405183018,21 IRENE AVENUE BATEHAVEN NSW 2536,1991-04-24,24000,,,
405345121,20 DERRIBONG AVENUE BATEMANS BAY NSW 2536,1991-09-09,133000,,,
405182733,20 DERRIBONG AVENUE BATEMANS BAY NSW 2536,1991-10-17,133000,,,
405345231,4 BINDA STREET MALUA BAY NSW 2536,1991-01-18,103000,,,
405345384,74 KINGSTON PLACE TOMAKIN NSW 2537,1991-01-25,230000,,,
405345591,10 CALEY PLACE SURF BEACH NSW 2536,1991-07-26,49900,,,
405345381,19 EUROKA AVENUE MALUA BAY NSW 2536,1991-04-18,88500,,,
405184531,19 EUROKA AVENUE MALUA BAY NSW 2536,1991-04-18,88500,,,
405345657,14 BENJAMIN DRIVE LONG BEACH NSW 2536,1991-06-12,65000,,,
405182175,6 VIEWPOINT COURT TUROSS HEAD NSW 2537,1991-10-31,71000,,,
405184298,18 MELALEUCA CRESCENT BATEMANS BAY NSW 2536,1991-06-21,33300,,,
405337603,75 SHIRLEY ROAD ROSEVILLE NSW 2069,1991-10-10,455000,,,
405337464,14 MURRUMBA PLACE EAST KILLARA NSW 2071,1991-10-25,499000,,,
405337559,3 LYNDHURST CRESCENT HUNTERS HILL NSW 2110,1991-02-18,250000,,,
405345742,2 FIELD STREET NAROOMA NSW 2546,1991-05-23,75000,,,
405165657,1 SEA STREET HUNTERS HILL NSW 2110,1991-09-24,1200000,,,
405337570,7 HEYSEN CLOSE PYMBLE NSW 2073,1991-10-04,490000,,,
405167154,1356 PACIFIC HIGHWAY TURRAMURRA NSW 2074,1991-12-03,720000,,,
405164194,27 WARRANGI STREET TURRAMURRA NSW 2074,1991-11-22,438000,,,
405337621,19 REDLEAF AVENUE WAHROONGA NSW 2076,1991-11-08,730000,,,
405167775,19 REDLEAF AVENUE WAHROONGA NSW 2076,1991-11-08,730000,,,
405166884,20 NORTHWOOD ROAD LANE COVE NSW 2066,1991-10-21,240000,,,
405337597,57 NORFOLK STREET KILLARA NSW 2071,1991-11-14,430000,,,
405338252,200 CONDAMINE STREET BALGOWLAH NSW 2093,1991-08-23,510000,,,
405164299,200 CONDAMINE STREET BALGOWLAH NSW 2093,1991-08-23,510000,,,
405338654,11 BEACONSFIELD ROAD MOSMAN NSW 2088,1991-12-14,745000,,,
405338260,38 ALEXANDER STREET MANLY NSW 2095,1991-11-02,290000,,,
405165557,3 LA PEROUSE STREET FAIRLIGHT NSW 2094,1991-12-14,315000,,,
405167711,17 MELBOURNE ROAD LINDFIELD NSW 2070,1991-05-23,417500,,,
405172913,2 TIVOLI STREET MOSMAN NSW 2088,1991-11-28,1200000,,,
405164937,62 CARRANYA ROAD RIVERVIEW NSW 2066,1991-11-09,346000,,,
405338411,42 BALGOWLAH ROAD BALGOWLAH NSW 2093,1991-06-07,750000,,,
405168411,38 STANHOPE ROAD KILLARA NSW 2071,1991-04-05,557500,,,
405169078,44 AVENUE ROAD MOSMAN NSW 2088,1991-09-04,3000000,,,
405338638,41 CABRAMATTA ROAD MOSMAN NSW 2088,1991-09-09,557500,,,
405338066,19 HIGH STREET MANLY NSW 2095,1991-11-22,280000,,,
405338574,76 CARABELLA STREET KIRRIBILLI NSW 2061,1991-10-09,625000,,,
405339812,4 LENNOX STREET OLD TOONGABBIE NSW 2146,1991-12-03,158000,,,
405177573,73 MOUNTFORD AVENUE GUILDFORD NSW 2161,1991-12-20,127000,,,
405170204,4 DUGALD ROAD MOSMAN NSW 2088,1991-11-26,700000,,,
405339077,4 DUGALD ROAD MOSMAN NSW 2088,1991-11-26,700000,,,
405171509,42 PRINCE STREET MOSMAN NSW 2088,1991-11-02,373000,,,
405338824,42 PRINCE STREET MOSMAN NSW 2088,1991-11-02,373000,,,
405339354,65 HIGH STREET HARRIS PARK NSW 2150,1991-10-10,360000,,,
405168526,56 BALLANDELLA ROAD TOONGABBIE NSW 2146,1991-05-03,140000,,,
405172742,120 GOLIATH AVENUE WINSTON HILLS NSW 2153,1991-06-14,175000,,,
405171958,4 MCKYE STREET WAVERTON NSW 2060,1991-10-31,290000,,,
405339461,4 MCKYE STREET WAVERTON NSW 2060,1991-10-31,290000,,,
405339304,15 HEWLETT STREET GRANVILLE NSW 2142,1991-10-01,29800,,,
405339545,26 ASHBY STREET GUILDFORD NSW 2161,1991-09-04,132000,,,
405169368,58 MCARTHUR STREET GUILDFORD NSW 2161,1991-07-04,118000,,,
405340555,11 YURUNGA STREET TELOPEA NSW 2117,1991-08-09,130000,,,
405172745,22 GOLIATH AVENUE WINSTON HILLS NSW 2153,1991-10-24,183000,,,
405340740,51 CALOOLA ROAD WENTWORTHVILLE NSW 2145,1991-06-18,118000,,,
405168897,186 KISSING POINT ROAD DUNDAS NSW 2117,1991-09-06,152500,,,
405172459,2 ROWLEY ROAD GUILDFORD NSW 2161,1991-12-24,121000,,,
405340114,28 IRVING STREET PARRAMATTA NSW 2150,1991-05-31,188666,,,
405169347,9 LOUIS STREET GRANVILLE NSW 2142,1991-09-19,170000,,,
405168885,132 BLAXCELL STREET GRANVILLE NSW 2142,1991-06-14,93100,,,
405173833,585 VICTORIA ROAD ERMINGTON NSW 2115,1991-06-25,130000,,,
405172408,1 GARDENVALE ROAD DUNDAS NSW 2117,1991-08-28,265000,,,
405340630,27 WILLIAM STREET ERMINGTON NSW 2115,1991-07-01,223000,,,
405168874,4 BLANE STREET GRANVILLE NSW 2142,1991-09-18,112000,,,
405340558,4 BLANE STREET GRANVILLE NSW 2142,1991-09-18,112000,,,
405175210,4 BLANE STREET GRANVILLE NSW 2142,1991-12-06,112000,,,
405172095,13 REILLEYS ROAD WINSTON HILLS NSW 2153,1991-12-09,169000,,,
405173197,16 MELROSE STREET EPPING NSW 2121,1991-01-16,310000,,,
405173476,20 THIRD AVENUE EPPING NSW 2121,1991-05-17,196000,,,
405170711,82 CHAMBERLAIN ROAD GUILDFORD NSW 2161,1991-07-26,90000,,,
405341185,40 REILLEYS ROAD WINSTON HILLS NSW 2153,1991-10-22,180000,,,
405339808,12 LENNOX STREET PARRAMATTA NSW 2150,1991-11-05,658000,,,
405171386,26 PITT STREET PARRAMATTA NSW 2150,1991-06-06,260000,,,
405340754,79 EDISON PARADE WINSTON HILLS NSW 2153,1991-10-16,205000,,,
405168616,9 WASSELL STREET DUNDAS NSW 2117,1991-08-02,160000,,,
405171021,11 CRIMEA STREET PARRAMATTA NSW 2150,1991-09-21,139000,,,
405341181,19 REILLEYS ROAD WINSTON HILLS NSW 2153,1991-06-14,168500,,,
405177579,55 CHIRCAN STREET TOONGABBIE NSW 2146,1991-12-19,155000,,,
405178039,14 STATION ROAD TOONGABBIE NSW 2146,1991-11-14,129000,,,
405171667,7 EDNA PLACE ERMINGTON NSW 2115,1991-06-21,153000,,,
405170796,57 O'NEILL STREET GRANVILLE NSW 2142,1991-05-02,150000,,,
405341271,8 ULM STREET ERMINGTON NSW 2115,1991-07-23,155000,,,
405336127,9 CUMBORA CIRCUIT BEROWRA NSW 2081,1991-04-23,130000,,,
405336075,25 HOLLAND STREET EPPING NSW 2121,1991-03-08,208000,,,
405178911,2 PAUL STREET DUNDAS NSW 2117,1991-11-22,206000,,,
405336128,15 CUMBORA CIRCUIT BEROWRA NSW 2081,1991-05-17,127000,,,
405171683,5 ELM PLACE WENTWORTHVILLE NSW 2145,1991-05-08,165000,,,
405168937,37 WESTON STREET HARRIS PARK NSW 2142,1991-11-30,159000,,,
405159627,11 DUNBAR CLOSE NORMANHURST NSW 2076,1991-11-23,207500,,,
405341728,9 BRAY STREET DUNDAS NSW 2117,1991-11-04,153500,,,
405341756,18 DODSON CRESCENT WINSTON HILLS NSW 2153,1991-11-29,175000,,,
405171308,18 DODSON CRESCENT WINSTON HILLS NSW 2153,1991-11-29,175000,,,
405336026,12 MENSA PLACE CASTLE HILL NSW 2154,1991-05-17,150000,,,
405159620,97 DUFFY AVENUE THORNLEIGH NSW 2120,1991-05-31,230000,,,
405174379,81 WYRALLA AVENUE EPPING NSW 2121,1991-12-11,351000,,,
405029584,17 BOWDEN STREET HARRIS PARK NSW 2150,1990-01-24,181000,,,
405336208,12 CARBEEN ROAD WESTLEIGH NSW 2120,1991-02-20,237000,,,
405336032,5 MENSA PLACE CASTLE HILL NSW 2154,1991-06-21,151900,,,
405159880,40 DUNROSSIL AVENUE CARLINGFORD NSW 2118,1991-05-31,230000,,,
405336286,17 COBBADAH AVENUE PENNANT HILLS NSW 2120,1991-09-10,88500,,,
405336632,36 CARLISLE CRESCENT BEECROFT NSW 2119,1991-10-31,307500,,,
405163123,36 CARLISLE CRESCENT BEECROFT NSW 2119,1991-10-31,307500,,,
405161233,4 DUNLEY PLACE CASTLE HILL NSW 2154,1991-01-31,258500,,,
405336734,79 ARCADIA ROAD GALSTON NSW 2159,1991-07-02,405000,,,
405162792,24 COLAH ROAD MOUNT COLAH NSW 2079,1991-05-10,198000,,,
405336383,24 COLAH ROAD MOUNT COLAH NSW 2079,1991-05-10,198000,,,
405336651,84 COPELAND ROAD BEECROFT NSW 2119,1991-05-28,215000,,,
405161101,31 EUCALYPTUS DRIVE WESTLEIGH NSW 2120,1991-08-09,225000,,,
405163126,11 DOBSON STREET THORNLEIGH NSW 2120,1991-11-15,260000,,,
405341931,9 SCOTT STREET EASTWOOD NSW 2122,1991-11-25,160000,,,
405337008,46 DAWSON STREET EPPING NSW 2121,1991-05-10,221750,,,
405337019,37 DOULTON DRIVE CHERRYBROOK NSW 2126,1991-07-11,161000,,,
405162011,72 BERYL AVENUE MOUNT COLAH NSW 2079,1991-10-01,247500,,,
405336684,22 TOBRUK AVENUE CARLINGFORD NSW 2118,1991-09-02,250000,,,
405162347,6 DEBORAH CLOSE MT COLAH NSW 2079,1991-05-13,160000,,,
405341926,50 QUARRY ROAD RYDE NSW 2112,1991-06-25,170000,,,
405337320,55 VICTORIA STREET ROSEVILLE NSW 2069,1991-10-25,485000,,,
405341969,127 BUFFALO ROAD RYDE NSW 2112,1991-12-24,175000,,,
405170760,48 CLACKMANNAN ROAD WINSTON HILLS NSW 2153,1991-05-21,182000,,,
405163226,39 WESTMINSTER DRIVE CASTLE HILL NSW 2154,1991-12-09,370000,,,
405337173,4 EDMUNDSON CLOSE THORNLEIGH NSW 2120,1991-01-16,225000,,,
405337010,25 DAWSON STREET EPPING NSW 2121,1991-02-09,185000,,,
405172431,225 ROBERTSON STREET GUILDFORD NSW 2161,1991-05-03,132500,,,
405179898,21 JAMES STREET WEST RYDE NSW 2114,1991-09-27,189000,,,
405342147,21 JAMES STREET WEST RYDE NSW 2114,1991-09-27,189000,,,
405172437,18 ROCK FARM AVENUE DUNDAS NSW 2117,1991-09-13,130000,,,
405171315,8 DORAHY STREET DUNDAS NSW 2117,1991-10-10,220000,,,
405179372,1 ACACIA AVENUE RYDE NSW 2112,1991-03-07,165000,,,
405342310,1 ACACIA AVENUE RYDE NSW 2112,1991-03-07,165000,,,
405342000,35 GOODWIN STREET WEST RYDE NSW 2114,1991-10-11,216000,,,
405342058,13 OWEN STREET GLADESVILLE NSW 2111,1991-02-08,304000,,,
405342001,8 GOODWIN STREET WEST RYDE NSW 2114,1991-02-23,195000,,,
405342205,25 SHEPHERD STREET RYDE NSW 2112,1991-03-07,223000,,,
405176792,8 CROYOTE PLACE MARSFIELD NSW 2122,1991-02-01,190000,,,
405342448,70 WEST PARADE WEST RYDE NSW 2114,1991-09-26,267500,,,
405175707,9 MUNRO STREET EASTWOOD NSW 2122,1991-09-13,230000,,,
405342206,21 SHEPHERD STREET RYDE NSW 2112,1991-04-12,235000,,,
405177289,21 SHEPHERD STREET RYDE NSW 2112,1991-04-12,235000,,,
405179918,58 WEST PARADE WEST RYDE NSW 2114,1991-07-12,219000,,,
405342447,58 WEST PARADE WEST RYDE NSW 2114,1991-07-12,219000,,,
405342722,31 ROCCA STREET RYDE NSW 2112,1991-05-07,215000,,,
405342707,70 MELBA DRIVE EAST RYDE NSW 2113,1991-07-10,262000,,,
405175709,12 NEIL STREET NORTH RYDE NSW 2113,1991-04-07,207000,,,
405179370,88 ABUKLEA ROAD EASTWOOD NSW 2122,1991-07-11,222000,,,
405174484,94 BRIDGE ROAD RYDE NSW 2112,1991-09-17,296000,,,
405177181,25 DENMAN STREET EASTWOOD NSW 2122,1991-10-08,330000,,,
405176448,51 PELLISIER ROAD PUTNEY NSW 2112,1991-07-26,650000,,,
405176056,25 NORTHCOTT STREET NORTH RYDE NSW 2113,1991-12-04,212000,,,
405176046,125 CRESSY ROAD NORTH RYDE NSW 2113,1991-08-26,185000,,,
405342814,35 STATION STREET WEST RYDE NSW 2114,1991-02-15,125000,,,
405343485,2 VERA STREET EASTWOOD NSW 2122,1991-07-05,230300,,,
405179856,117 BALACLAVA ROAD EASTWOOD NSW 2122,1991-09-11,176000,,,
405180265,24 BALACLAVA ROAD EASTWOOD NSW 2122,1991-01-22,217000,,,
405176505,22 PRIMROSE AVENUE RYDE NSW 2112,1991-05-20,176000,,,
405175262,42 CHARLES STREET RYDE NSW 2112,1991-11-08,160000,,,
405343662,42 CHARLES STREET RYDE NSW 2112,1991-11-08,160000,,,
405343031,21 MILROY STREET NORTH RYDE NSW 2113,1991-01-07,174000,,,
405178480,52 JAMES RUSE DRIVE HARRIS PARK NSW 2142,1991-11-25,80000,,,
405175768,1 FITZROY ROAD CROMER NSW 2099,1991-11-22,315000,,,
405179401,8 AMELIA STREET NORTH RYDE NSW 2113,1991-12-17,200000,,,
405177300,4 FRANCES ROAD PUTNEY NSW 2112,1991-08-15,195000,,,
405178971,8 GLADSTONE AVENUE RYDE NSW 2112,1991-05-10,160000,,,
405344347,15 KAUZAL CRESCENT SURF BEACH NSW 2536,1991-10-11,45000,,,
405177610,35 ELTHAM STREET GLADESVILLE NSW 2111,1991-11-06,287000,,,
405181357,34 GRANT STREET BROULEE NSW 2537,1991-02-13,100000,,,
405182233,37 BEAUTY CRESCENT BATEMANS BAY NSW 2536,1991-03-15,85000,,,
405176061,16 NUMA ROAD NORTH RYDE NSW 2113,1991-02-22,200000,,,
405344568,7 BELBOWRIE PARADE MALONEYS BEACH NSW 2536,1991-11-29,58000,,,
405335709,64 NORMAN AVENUE THORNLEIGH NSW 2120,1991-05-31,245000,,,
405162863,20 BELLAMY STREET PENNANT HILLS NSW 2120,1991-02-22,216000,,,
405179566,61 CAMPBELL PARADE MANLY VALE NSW 2093,1991-11-08,220000,,,
405335873,1 BARCOTE PLACE CASTLE HILL NSW 2154,1991-10-30,120000,,,
405343154,162 PITTWATER ROAD GLADESVILLE NSW 2111,1991-10-05,240000,,,
405176489,162 PITTWATER ROAD GLADESVILLE NSW 2111,1991-10-05,240000,,,
405343239,18 DANBURY CLOSE EASTWOOD NSW 2122,1991-03-28,180000,,,
405176842,2 DAWES CRESCENT EASTWOOD NSW 2122,1991-10-10,192000,,,
405362642,17 PRINCES STREET MORTDALE NSW 2223,1991-04-26,203000,,,
405175148,20 CAVAN ROAD FORESTVILLE NSW 2087,1991-12-05,520000,,,
405161538,23 NELSON STREET THORNLEIGH NSW 2120,1991-02-09,190000,,,
405344403,95 ELIZABETH DRIVE BROULEE NSW 2537,1991-10-17,87000,,,
405344402,95 ELIZABETH DRIVE BROULEE NSW 2537,1991-08-08,87000,,,
405344268,210 CONDAMINE STREET MANLY VALE NSW 2093,1991-08-23,260000,,,
405343277,20 POTTS STREET RYDE NSW 2112,1991-12-02,235000,,,
405176493,20 POTTS STREET RYDE NSW 2112,1991-12-02,235000,,,
405161726,11 MONTGOMERY ROAD CARLINGFORD NSW 2118,1991-11-28,250000,,,
405208087,8 ALMA AVENUE CAMPSIE NSW 2194,1991-09-25,167000,,,
405206820,97 BELMORE ROAD PEAKHURST NSW 2210,1991-08-31,158000,,,
405362479,8 BARNARDS AVENUE HURSTVILLE NSW 2220,1991-12-27,325000,,,
405362764,26 WOODLANDS AVENUE LUGARNO NSW 2210,1991-10-30,220000,,,
405208573,76 HARSLETT CRESCENT BEVERLEY PARK NSW 2217,1991-09-24,250000,,,
405210596,287 STONEY CREEK ROAD KINGSGROVE NSW 2208,1991-06-04,228500,,,
405207324,18 BUNGALOW ROAD PEAKHURST NSW 2210,1991-01-27,183500,,,
405362698,18 BUNGALOW ROAD PEAKHURST NSW 2210,1991-01-27,183500,,,
405206790,57 BAILEY PARADE PEAKHURST NSW 2210,1991-10-31,174000,,,
405363196,26 GOLD STREET BLAKEHURST NSW 2221,1991-12-13,585000,,,
405206792,55 BAKER STREET OATLEY NSW 2223,1991-11-22,230000,,,
405363056,55 BAKER STREET OATLEY NSW 2223,1991-11-22,230000,,,
405363312,97 HUDSON STREET HURSTVILLE NSW 2220,1991-10-14,200000,,,
405363146,44 GNARBO AVENUE BLAKEHURST NSW 2221,1991-07-02,460000,,,
405362948,47 HURSTVILLE ROAD HURSTVILLE NSW 2220,1991-06-28,240000,,,
405363171,39 DOUGLAS HAIG STREET OATLEY NSW 2223,1991-12-06,310000,,,
405207943,8 COOLEEN STREET BLAKEHURST NSW 2221,1991-12-13,292000,,,
405206590,27 VILLIERS AVENUE MORTDALE NSW 2223,1991-07-23,234000,,,
405207941,183 CONNELLS POINT ROAD SOUTH HURSTVILLE NSW 2221,1991-05-24,340000,,,
405210370,4 SHORT STREET KOGARAH NSW 2217,1991-10-22,235000,,,
405213207,99 RAILWAY STREET ROCKDALE NSW 2216,1991-07-24,805000,,,
405206579,55 VICTORIA AVENUE MORTDALE NSW 2222,1991-03-20,517500,,,
405214418,91 STAPLES STREET KINGSGROVE NSW 2208,1991-07-30,155000,,,
405372926,44 BELGRAVE STREET KEMPSEY NSW 2440,1991-06-30,230000,,,
405213208,64 RAILWAY STREET ROCKDALE NSW 2216,1991-09-05,103000,,,
405363522,46 WATERSIDE PARADE PEAKHURST NSW 2210,1991-06-24,266000
405208828,979 KING GEORGES ROAD BLAKEHURST NSW 2221,1991-05-22,1000000,,,
405363461,31 BOUNDARY ROAD MORTDALE NSW 2223,1991-09-21,149500,,,
405372734,16 BLOOMFIELD STREET KEMPSEY NSW 2440,1991-06-25,128000,,,
405363286,44 BOORARA AVENUE OATLEY NSW 2223,1991-11-16,305000,,,
405363473,9 GARDINIA STREET BEVERLY HILLS NSW 2209,1991-05-24,225000,,,
405363314,19 RAWSON STREET SANS SOUCI NSW 2219,1991-10-18,295000,,,
405212477,35 OAKDALE AVENUE KOGARAH NSW 2217,1991-09-02,260000,,,
405363481,84 HUDSON STREET HURSTVILLE NSW 2220,1991-08-07,200500,,,
405211785,16 LANGER STREET BANKSIA NSW 2216,1991-09-23,235000,,,
405212175,11 MOORE STREET BARDWELL PARK NSW 2207,1991-11-22,325000,,,
405373167,70 VILLIERS STREET GRAFTON NSW 2460,1991-02-18,108000,,,
405224863,2 CARRI STREET KEMPSEY NSW 2440,1991-11-01,18000,,,
405363964,19 RUSSELL AVENUE SANS SOUCI NSW 2219,1991-07-08,220000,,,
405221248,5 DAVID WATT CLOSE SAWTELL NSW 2452,1991-09-17,181500,,,
405373857,7 KEITH STREET LISMORE NSW 2480,1991-04-19,83000,,,
405374261,9 CURRIE STREET NORTH LISMORE NSW 2480,1991-05-09,28000,,,
405230021,9 CURRIE STREET LISMORE NSW 2480,1991-05-09,28000,,,
405208538,79 INVERNESS AVENUE PENSHURST NSW 2222,1991-06-21,255000,,,
405363615,79 INVERNESS AVENUE PENSHURST NSW 2222,1991-06-21,255000,,,
405363616,79 INVERNESS AVENUE PENSHURST NSW 2222,1991-06-21,255000,,,
405373795,64 PHILLIP DRIVE SOUTH WEST ROCKS NSW 2431,1991-07-09,35000,,,
405374131,39 KRUSEANA AVENUE GOONELLABAH NSW 2480,1991-11-22,137000,,,
405374015,20 STEVENSON STREET GOONELLABAH NSW 2480,1991-09-11,35000,,,
405374208,231 RIVER STREET MACLEAN NSW 2463,1991-04-19,115000,,,
405373504,12 WATERLOO STREET WOOLGOOLGA NSW 2456,1991-03-27,115000,,,
405225882,110 OLIVER AVENUE GOONELLABAH NSW 2480,1991-07-16,104000,,,
405374138,110 OLIVER AVENUE GOONELLABAH NSW 2480,1991-01-29,97160,,,
405374367,11 HOMESTEAD STREET KYOGLE NSW 2474,1991-07-05,110000,,,
405226797,13 MERRIGAN STREET KYOGLE NSW 2474,1991-11-11,78000,,,
405229100,3 BELVEDERE DRIVE LISMORE NSW 2480,1991-08-08,35000,,,
405375341,3 BELVEDERE DRIVE LISMORE NSW 2480,1991-08-08,35000,,,
405374528,227 BALLINA STREET LISMORE NSW 2480,1991-08-09,95500,,,
405363925,9 STOTTS AVENUE BARDWELL PARK NSW 2207,1991-11-22,192000,,,